Workbook

Sheet CAP
A1: 问题：首检未按时执行
L2: 负责人
J3: 要求 | K3: 2.1 D→C，需要认证技能
J4: 流程 | K4: 1. 质量部建立规范化认证技能内容（培训内容、如何考核） | L4: Eric | M4: 45273
K5: 2. 生产部 建立技能矩阵显示（朱超、春来、春旭、刘旭、康师傅、炳龙） | L5: Leo | M5: 45275
K6: 3. 生产部 更新首件检验流程文件 First Article Inspection | L6: 炳龙 | M6: 45272
K7: 4. TOP5增加首检负责人的确认环节 | L7: 炳龙 | M7: 45272
A14: 问题：首检有效性不强，未能发现问题
J16: Grvl120 | K16: 竖管方向应该是凸面朝下
K17: 竖管与把立要求应为5-6N.m
K18: 碟刹转接座，前，应无扭力要求
J19: ST530 | K19: 铃铛已取消，首检表上还有？需要确认内外销版本。
K20: 坐垫与坐垫杆（螺母）扭力应该为16-18N.m
A25: 问题3-1：人员技能未达标，但在独立操作。
A47: 问题3-2：人员技能达标，但仍会发现生产动作与SOP不符合
A48: 方向1：员工觉得SOP需要优化，员工提供3OK或金点子反馈 | E48: 领班TOP5提醒员工 | G48: Deadline
A49: 措施： | G49: 45275
A50: 方向2：老员工熟悉SOP，所以没看 | E50: Leo、炳龙、春旭各访谈1名员工
A51: 措施：
A52: 方向3：员工知道标准是SOP，但是操作前或者操作时不看
A53: 措施：
A54: 炳龙：访谈王纯得到反馈如下：
A55: 1、入厂时的被培训方式是口口相传，后来就习惯了；
A56: 2、口口相传和看SOP对比，看相对较慢，也没有口口相传清晰！
A58: Leo: 访谈两名员工，朱超：确实存在有些时候SOP与实际不一致，会有几个阶段，生产提出更新但还未更新的时候必须按照正确的来。基于类似问题，后续必须尽快更新SOP，SOP不准确生产拒绝生产。
A59: 金雪英：备料的SOP执行会有与SOP不符的情况，在小批量工单的时候，没法严格按照工单备料，主要效率会受较大影响。生产会组织梳理类似问题，一方面看如何优化SOP，一方面看如何提升换型效率。
A60: 春旭：访谈一名员工，臧进：每天都看SOP，SOP并没有更改，所以有的时候没看。每天做一个车型，SOP没有改变也就看一遍就结束了。越熟悉越不会看。

Sheet CP Monitor问题记录（2023）
A1: Back | B1: Control Plan Monitor Problem Record 控制计划稽核问题记录 | I1: 问题关闭规则 1.Monitor结束各小组问题记录人登记问题 2.问题负责人写出临时纠正措施，其余人员可提供建议（单发个例问题不用进行原因分析，只填写临时纠正措施） 3.若没有好的措施，请问题负责人自行更新并执行（1WK） 4.若是重复发生问题，需要转DPS小组进行CAP分析，CAP分析后若继续复发，则需要进行DPS分析
B2: 日期 | C2: 车型 | D2: 工位 | E2: 岗位 | F2: 问题记录 | G2: 原因分类 | H2: 严重等级 | I2: 原因 | J2: 改善措施 | K2: 反馈人 | L2: 责任人 | M2: 纠正措施 截止日期（+1WK) | N2: 纠正措施 截止日期（+2WK) | O2: 实际完成时间 | P2: 是否重复发生 | Q2: 状态
B3: 44758 | C3: XC50 | E3: A12-坐垫 | F3: 脚踏包装的SOP代码表所提供的SOP（AR1）方法与实际不一致 | I3: SOP错误 | J3: 修改Sop | K3: 刘维维 | L3: 盛家利 | M3: 44767 | N3: 44777 | Q3: Done
B4: 44758 | C4: XC50 | E4: A12-坐垫 | F4: 脚踏包装的SOP代码表所提供的页码与SOP贴的代码不一致；（代码表中XC50的脚踏包装SOP代码为AR1，页码为第7页，实际第7页尾AR2） | I4: SOP错误 | J4: 修改Sop | K4: 刘维维 | L4: 盛家利 | M4: 44767 | N4: 44777 | Q4: Done
B5: 44758 | C5: XC50 | E5: A16-下车 | F5: 脚踏包装在下车工位包装，但该工位无脚踏包装SOP | I5: SOP错误 | J5: 修改Sop | K5: 罗斌 | L5: 盛家利 | M5: 44767 | N5: 44777 | Q5: Done
B6: 44758 | C6: XC50 | E6: A12-坐垫 | F6: CP中要求的坐垫夹在坐弓上的距离要求与现场SOP的要求不一致 | I6: CP需更新 | J6: 更新XC 50的CP | K6: 刘维维 | L6: Eric | M6: 44774 | N6: 44774 | Q6: Done
B7: 44758 | C7: XC50 | E7: A12-坐垫 | F7: CP中要求的坐垫的角度要求与现场SOP的要求不一致 | I7: CP需更新 | J7: 更新XC 50的CP | K7: 刘维维 | L7: Eric | M7: 44774 | N7: 44774 | Q7: Done
B8: 44758 | C8: XC50 | E8: A12-坐垫 | F8: CP中要求的坐垫附件数量与现场SOP的要求不一致 | I8: CP需更新 | J8: 更新XC 50的CP | K8: 刘维维 | L8: Eric | M8: 44774 | N8: 44774 | Q8: Done
B9: 44764 | C9: XC50 | E9: A4-车把安装 | F9: 横管竖管锁紧顺序未按照要求进行对角锁紧 | I9: 员工认为后续工位会重新松开，可以不锁紧 | J9: 1. 立即培训当时工位负责人 2. 重新培训该工位技能掌握的人 | K9: Eric | L9: 张炳龙 | M9: 44778 | N9: 44774 | Q9: Done | R9: 查阅记录
B10: 44764 | C10: XC50 | E10: A4-车把安装 | F10: 横管竖管间隙不满足上下接缝均匀、平行 | I10: 员工认为后续工位会重新松开，可以不锁紧 | J10: 1. 立即培训当时工位负责人 2. 重新培训该工位技能掌握的人 | K10: Eric | L10: 张炳龙 | M10: 44778 | N10: 44774 | Q10: Done | R10: 查阅记录
B11: 44778 | C11: ST 520 | E11: W8-装小零件 | F11: 员工不知道，螺丝外观-碟刹片锁紧螺丝要有耐落胶 | I11: 临时工技能不够熟练 | J11: 立即培训该工位所有临时工 | K11: Eric | L11: 张炳龙 | M11: 44785 | N11: 44774 | Q11: Done | R11: 查阅记录
B12: 44778 | C12: ST 520 | E12: W8-装小零件 | F12: CP要求的对角锁紧与现场SOP不符合 | I12: CP未进行定期评估 | J12: 更新ST 520的CP | K12: Eric | L12: Eric | M12: 44785 | N12: 44785 | Q12: Done
B13: 44778 | C13: ST 520 | E13: W8-装小零件 | F13: 员工不知道，碟刹片外观-无明显变形破损 | J13: 如何通过Sop进行相关管控——炳龙。家利，Eric一起讨论 | K13: Eric | L13: 张炳龙
B14: 44778 | C14: ST 520 | E14: W8-装小零件 | F14: 快拆位置-工位上Sop不完整 | I14: SOP未及时更新 | J14: 修改Sop | K14: Eric | L14: 盛家利 | M14: 44798 | N14: 44792 | Q14: Done
B15: 44778 | C15: ST 520 | E15: W8-装小零件 | F15: 快拆位置-快拆手柄位置与现场Sop不符合（正确的为前轮在对侧，后轮咋碟刹侧） | I15: CP未更新 | J15: 更新ST 520的CP | K15: Eric | L15: Eric | M15: 44785 | N15: 44785 | Q15: Done
B16: 44778 | C16: ST 520 | E16: W8-装小零件 | F16: 员工没有检查轮组整体外观 | I16: 临时工技能不够熟练 | J16: 产线培训 | K16: Eric | L16: 张炳龙 | M16: 44785 | N16: 44805 | Q16: Done | R16: 查阅记录
B17: 44778 | C17: ST 520 | E17: A9 前变调节 | F17: ST 520无轮胎方向要求，与CP不符合 | I17: CP未更新 | J17: 更新ST 520的CP | K17: Eric | L17: Eric | M17: 44785 | N17: 44785 | Q17: Done
B18: 44778 | C18: ST 520 | E18: A9 前变调节 | F18: 前轮快拆手柄在碟刹侧要求与现场Sop不符合，应为碟刹对侧 | I18: CP未更新 | J18: 更新ST 520的CP | K18: Eric | L18: Eric | M18: 44785 | N18: 44785 | Q18: Done
B19: 44778 | C19: ST 520 | E19: A9 前变调节 | F19: 前刹车线走向-工位并不明确在具体哪一个，会根据限速改变 | I19: 根据不同线速会有相应调整 | J19: 确保涉及工位的员工掌握相应技能 | K19: Eric | L19: 盛家利 | M19: 44785 | N19: 44785 | Q19: Done
B20: 44804 | C20: MTB ST 530 CN 27,5" RED | E20: A7-后轮组装 | F20: 变速线管长度与刹车线管长度 该要求为备料工位，控制点工位应改为备料工位 | I20: 备料工位并入生产管理，控制计划未及时更新 | J20: 在ST 520/530的CP中增加对备料工位的管控 | K20: Eric | L20: Eric | M20: 44813 | N20: 44811 | Q20: Done
B21: 44804 | C21: MTB ST 530 CN 27,5" RED | E21: A7-后轮组装 | F21: 曲柄盖帽安装，ST520/530无需该控制点 | I21: CP未更新 | J21: 更新ST 520/530的CP | K21: Eric | L21: Eric | M21: 44813 | N21: 44811 | Q21: Done
B22: 44810 | C22: ST 520 RR CN FR GREY | E22: A12-坐垫组装 | F22: 上锁片与座弓末端距离20±3mm，未在SOP中 | I22: 要求未与SPEC对应 | J22: 1.更新ST 520/530的CP 2.更新SOP | K22: Eric | L22: 盛家利 | M22: 44813 | N22: 44813 | Q22: Done
B23: 44810 | C23: ST 520 RR CN FR GREY | E23: W2-穿辐条 | F23: 辐条长度要求在SOP中未更新，SOP中是273mm，实际后轮是274和276mm | I23: 辐条铜头mobom后Sop未及时更新 | J23: 更新ST 120/520/530/540的Sop | K23: Eric | L23: 盛家利 | M23: 44813 | N23: 44813 | Q23: Done
B24: 44827 | C24: ST120 | E24: W2-穿辐条 | F24: 后轮辐条规格标准与实际生产的不符合 | I24: 辐条进行切换 CAP分析中---周剑红 | J24: 立即措施：更新辐条长度表 | K24: 罗斌 | L24: 盛家利 | M24: 44865 | N24: 44846 | Q24: Ongoing
B25: 44827 | C25: ST120 | E25: W4-穿辐条 | F25: 衬带安装发现1pcs与标准不符合 | J25: 立即：该工位确认是否有其他不良 | K25: 罗斌 | L25: 张炳龙 | Q25: On going
B26: 44827 | C26: ST120 | E26: W4-辐条锁紧 | F26: 四头锁紧机操作按钮一直在调机状态，并未是生产状态 （也没有找到SOP的相关规定） | J26: 立即：调节设备为生产状态 | K26: 罗斌 | L26: 郑文涛 张炳龙 | Q26: On going
B27: 44827 | C27: ST120 | E27: W4-辐条锁紧 | F27: 缺少四头锁紧机换型时的Sop | J27: 增加换型时四头锁紧机的SOP | K27: 罗斌 | L27: 张炳龙 郑文涛 | Q27: On going
B28: 44827 | C28: ST120 | E28: A7-后轮组装 | F28: 刹车线走线的SOP没有受控，版本信息发布日期与DCC文件不一致 | J28: 更新SOP的版本信息 | K28: Eric | L28: 盛家利 | M28: 44865 | N28: 44853 | Q28: Done
B29: 44869 | C29: Riverside900 | E29: 备料2 | F29: DPR要求增加1mm倒角 | Q29: Done
B30: 44869 | C30: Riverside900 | E30: 备料4 | F30: 线管首件检验表 | Q30: Done
B31: 44869 | C31: Riverside900 | E31: A2-曲柄安装 | F31: 曲柄螺丝不含耐落胶，需要修改CP和SOP | Q31: Done
B32: 44869 | C32: Riverside900 | E32: A2-曲柄安装 | F32: Riverside900与Riverside920s锁紧扭力应改为38-42N.m | Q32: Done
B33: 44869 | C33: Riverside900 | E33: A2-曲柄安装 | F33: 曲柄功能员工50%执行检查曲柄是否有晃点 | J33: 重新培训 | Q33: Done
B34: 44900 | C34: ST520 | E34: BB | F34: Prod-CMW-PRO-ROU-216 Sop中 1.使用的电枪与现场气枪不符合 2.Sop中间隙要求小于0.1mm与控制计划中0.3mm | J34: 修改SOP | K34: Eric、炳龙 | L34: 盛家利 | Q34: Done
B35: 44900 | C35: ST520 | E35: BB | F35: 祖国检查曲柄功能时没有进行左右推拉曲柄检查紧点和晃动 | J35: 培训该工位相关人员 | K35: Eric、炳龙 | L35: 张炳龙 | Q35: Ongoing
B36: 44900 | C36: ST520 | E36: 坐管 | F36: 坐管坐垫锁紧扭力为18-20N.m，与扭力表不符 | J36: 修改相关扭力表 | K36: Eric、炳龙 | L36: 张炳龙 | Q36: Ongoing
B37: 44985 | C37: RC 500 | D37: W5-稳定 | E37: 校正 | F37: 对于张力计使用现场没有SOP进行操作手法确认 | G37: 其他 | I37: 已找到SOP，手法一致 | J37: 无 | K37: Youli/Jianhong | L37: 张炳龙 | O37: 44999 | Q37: Done
B38: 44985 | C38: RC 500 | D38: A9-前变调节 | E38: 变速 | F38: 前变调节工位<链条与前变内侧拨链片之间的间隙为1-3mm>,员工表示是目视检查，不具备检查可行性 | G38: 其他 | J38: 我们没有专业的设备，目前只能靠目视来操作 | K38: Youli/Jianhong | L38: 家利 张炳龙 | M38: 44992 | N38: 44999 | O38: 45007 | Q38: Done
B39: 44985 | C39: RC 500 | D39: A9-前变调节 | E39: 变速 | F39: 前变调节工位SOP要求<转动前变速把，使变把指示到"1"的位置>，与实际操作不符 | G39: SOP | K39: Youli/Jianhong | L39: 盛家利 | M39: 44992 | N39: 44999 | O39: 45007 | Q39: Done
B40: 44985 | C40: RC 500 | D40: A6-三合一 | E40: 三合一 | F40: 车架头管贴美纹胶带未在SOP被规定 | G40: SOP | K40: 罗斌/Eric | L40: 盛家利 张炳龙 | M40: 44992 | N40: 44999 | O40: 45007 | Q40: Done
B41: 44985 | C41: RC 500 | D41: A11-刹车调节 | E41: 刹车 | F41: 刹车工位首件检验表中碟刹转接座（后）实物无该要求，但是记录为8.8N.m | G41: 首件检验/扭力检验 | I41: 扭力表未更新 | J41: 更新扭力表 | K41: 罗斌/Eric | L41: 张炳龙 | M41: 44992 | N41: 44999 | O41: 45008 | Q41: Done
B42: 44986 | C42: RC 500 | D42: W7-装胎 | E42: 装胎 | F42: 该工位手动装胎，与SOP设备组装不符合 | G42: 人员操作 | J42: 1. 开发、质量、生产评估风险，如无问题，修改SOP | K42: Eric | L42: 盛家利 张炳龙 ERIC | M42: 44992 | N42: 44999 | Q42: Ongoing
B43: 44986 | C43: RC 500 | D43: W8-装小零件 | E43: W8-装小零件 | F43: 员工锁紧碟刹片时第一颗螺丝没有预锁 | G43: SOP | I43: SOP没有规定 | J43: 1. 炳龙培训该工位相关负责人，碟刹片螺丝第一颗进行预锁 2.家利修改SOP，并确认相关碟刹片锁紧要求，统一改善 | K43: Eric | L43: 盛家利 张炳龙 | M43: 44992 | N43: 44999 | O43: 45007 | P43: 是 | Q43: Done
B44: 44991 | C44: TK 900 | D44: W2-穿辐条 | E44: 穿条 | F44: 后轮穿条工位使用的辐条尺最小测量精度为1mm，无法准确测量±0.5mm的公差 | G44: 人员操作 | I44: 当工位使用的为质量备用辐条尺，生产使用的辐条尺拿去校验中 | J44: 当一面辐条尺需要校验时，生产可使用一把辐条尺即可 | K44: Youli | L44: 张炳龙 | M44: 44999 | N44: 45006 | O44: 45008 | P44: 否 | Q44: Done
B45: 44991 | C45: TK 900 | D45: A3-头碗安装 | E45: 压头碗 | F45: 压头碗工位<挡链器与牙盘之间的间隙为3-5mm>,员工表示是目视检查，不具备检查可行性 | G45: 其他 | I45: SOP与实际操作不符合 需要针对该工艺需要优化 | J45: 建议更改SOP中的检验方法为：使用3MM扳手即可 | K45: Jianhong | L45: 张炳龙 | M45: 44999 | N45: 45006 | O45: 45008 | P45: 否 | Q45: Done
B46: 44991 | C46: TK 900 | D46: A8-后变调节 | E46: 变速调节 | F46: 后变速扭力要求5-7N.m，现场发现3辆车扭力低于标准 | G46: 首件检验/扭力检验 | I46: 原枪没有电，重新换了另一把枪 | J46: 定义当电动枪开始报警时就必须更换电池 | K46: 罗斌/余涛/盛加利 | L46: 张炳龙 | M46: 44999 | N46: 45006 | O46: 45008 | P46: 否 | Q46: Done
B47: 44998 | C47: AM100S | D47: W8-装小零件 | E47: W8-装小零件 | F47: AM100S轮组碟刹片，第一颗螺丝没有进行预锁 | G47: SOP | J47: 1. 炳龙培训该工位相关负责人，碟刹片螺丝第一颗进行预锁 2.家利修改SOP，并确认相关碟刹片锁紧要求，统一改善 | K47: Eric | L47: 盛家利 张炳龙 | M47: 44999 | N47: 45006 | O47: 45007 | P47: 否 | Q47: Done
B48: 44999 | C48: AM100S | D48: A17-升降坐管调节 | F48: 1.扭力表升降坐管锁线要求为2N.m，锁紧使用的内六角扳手，没有进行管控 | G48: 人员操作 | I48: 工厂内没有合适的工具 | J48: 寻求供应商找寻合适的工具 | K48: 有利、维维 | L48: 盛家利 张炳龙 | M48: 45008 | O48: 45008 | P48: 否 | Q48: Done
B49: 44999 | C49: AM100S | D49: A17-升降坐管调节 | F49: 生产前没有合适的工具、SOP、技能确认，3OK记录为OK | G49: 生产自检 | J49: 培训该员工 | K49: 有利、维维 | L49: 炳龙 | M49: 45006 | O49: 45006 | P49: 否 | Q49: Done
B50: 44999 | C50: AM100S | D50: A17-升降坐管调节 | F50: 没有升降坐管安装调节的SOP | G50: SOP | J50: 建立发行SOP | K50: 有利、维维 | L50: 盛家利 | M50: 45006 | O50: 45006 | P50: 否 | Q50: Done
B51: 44999 | C51: AM100S | D51: A17-升降坐管调节 | F51: CP中没有升降坐管手柄夹环（2-4N.M)、线控的扭力(线挂钩到坐管上） | G51: CP | I51: SPEC中未提及 | J51: 修改CP | K51: 有利、维维 | L51: Eric | M51: 45006 | O51: 45006 | Q51: Done
B52: 44999 | C52: AM100S | D52: A17-升降坐管调节 | F52: CP中缺少坐管夹锁紧要求，5-7N.m（涉及XC920s与AM100s v2） | G52: CP | I52: SPEC中未提及 | J52: 修改CP | K52: 有利、维维 | L52: Eric | M52: 45006 | O52: 45006 | Q52: Done
B53: 44999 | C53: AM100S | D53: A17-升降坐管调节 | F53: CP里需要增加升降坐管控制点 | G53: CP | I53: IPL未输入 | J53: 修改CP | K53: 有利、维维 | L53: Eric | M53: 45006 | O53: 45006 | Q53: Done
B54: 44999 | C54: AM100S | D54: A17-升降坐管调节 | F54: CP中没有刹器锁紧要求 | G54: CP | I54: IPL未输入 | J54: 修改CP | K54: 有利、维维 | L54: Eric | M54: 45006 | O54: 45006 | Q54: Done
B55: 44999 | C55: AM100S | D55: A2-BB安装 | F55: SOP(B11无工具治具)，没有控制点标注与治具使用， 工具需要增加说明 | G55: SOP | J55: 修改SOP | K55: 周剑红 | L55: 盛家利 | M55: 45006 | N55: 45007 | O55: 45007 | Q55: Done
B56: 44999 | C56: AM100S | D56: W7-装胎 | F56: CP工位胎压3.5±0.5bar，生产时0.25-0.35MPA | G56: CP | J56: 1.修改CP 2. | K56: 周剑红 | L56: Eric | M56: 45006 | O56: 45015 | Q56: Done
B57: 45008 | C57: Grvl 120 | D57: A1-贴标 | F57: CP标准只有一张，实际却要2张追溯标（箱子+整车） | G57: CP | J57: 1.检查全系CP规定并更新 | K57: 罗斌 | L57: Eric | M57: 45015 | O57: 45015 | Q57: Done
B58: 45008 | C58: Grvl 120 | D58: A1-贴标 | F58: 实际贴标距离焊道位置小于15mm，要求是20±5mm | G58: 人员操作 | I58: SOP没有告知作业员如何测量 | J58: 1.人员培训 2.Sop增加对距离测量的方法 | K58: 罗斌 | L58: 张炳龙 盛家利 | M58: 45015 | O58: 45008 | Q58: Done
B59: 45008 | C59: Grvl 120 | D59: A13-剪线 | F59: 缺少标准：1.铝尾套压痕、2.无散线 | G59: CP | I59: FCP需要被更新 | J59: 1.修改CP 2.排查全系列 | K59: 罗斌 | L59: Eric | M59: 45015 | O59: 45015 | Q59: Done
B60: 45008 | C60: Grvl 120 | D60: A15-封箱 | F60: SOP标准为居中±3°，但是用目视无法监测 | G60: SOP | J60: 确认SPEC要求，以及执行方式-Eric | K60: 罗斌 | L60: Eric | M60: 45015 | O60: 45015 | Q60: Done
B61: 45008 | C61: Grvl 120 | D61: A15-封箱 | F61: 立管上面需要安装盖帽，但是SOP/CP均无要求 | G61: CP | J61: 1.全系CP修改 2.SOP全系修改 | K61: 罗斌 | L61: 盛家利 Eric | M61: 45015 | O61: 45015 | Q61: Done
B62: 45008 | C62: Grvl 120 | D62: A12-坐垫组装 | F62: 代号AP8的SOP要求后反光片距离参照098文件，但是该文件已经被废弃 | G62: SOP | J62: 修改SOP | K62: 罗斌 | L62: 盛家利 | M62: 45015 | O62: 45015 | Q62: Done
B63: 45008 | C63: Grvl 120 | D63: A15-封箱 | F63: 封箱SOP有，公路车CP没有控制点 | G63: CP | J63: 作为输入到CP | K63: 罗斌 | L63: Eric | M63: 45015 | O63: 45015 | Q63: Done
B64: 45008 | C64: Grvl 120 | D64: 备料-线管切割 | F64: 线管切割没有长度记录（作业员执行首件） | G64: 首件检验/扭力检验 | J64: 1.炳龙建立记录表格培训生产员工进行每日记录 | K64: 周剑红 | L64: 张炳龙 | M64: 45015 | O64: 45008 | Q64: Done
B65: 45008 | C65: Grvl 120 | D65: A5-前叉组装 | F65: SOP规定前叉压碗一圈，员工执行抹半圈，回答说只需要抹180° | G65: 人员操作 | J65: 1.炳龙培训该工位技能拥有者 2，改善项：更新刷油工具，换个小毛刷或者牙刷 | K65: 周剑红 | L65: 张炳龙 | M65: 45015 | O65: 45008 | Q65: Done
B66: 45008 | C66: Grvl 120 | D66: W8-装小零件 | F66: SOP中预锁没有被更新 | G66: SOP | J66: 更新SOP，（重复发生问题） | K66: 周剑红 | L66: 盛家利 | M66: 45015 | O66: 45015 | Q66: Done
B67: 45008 | C67: Grvl 120 | D67: A8-后变调节 | F67: 变速线锁紧扭力偏大 | G67: 首件检验/扭力检验 | I67: 炳龙反馈：电枪调节至输入扭力认为是符合，但是输出却过紧，是否是因为螺丝已经贴死导致用锁紧的办法测试不合格？ | J67: 1.PE的要求超出后风险是？ 导致变速线断裂 2.Isaac,Eric与大熊确认DPR 需要按照扭力要求 3.测量方法 在自行车实物上面测量 | K67: 周剑红 | L67: Eric 张炳龙 | M67: 45015 | O67: 45015 | Q67: Done
B68: 45008 | C68: Grvl 120 | D68: 备料-线管切割 | F68: 首件检验没有做全，第一辆上炮台时间为2：50，4：11发现首件检验变速线锁紧以下部分均没有填写 | G68: 首件检验/扭力检验 | I68: 人员不足，一人多岗，人员没有足够时间去做 | J68: 定义专人专职，优先首件检验 | K68: 周剑红 | L68: 张炳龙 | M68: 45015 | O68: 45008 | Q68: Done
B69: 45013 | C69: Am100s | D69: A2-BB安装 | F69: 2pcsAm100ss车架上管磕伤 | G69: 人员操作 | J69: 治具改善 | K69: Eric | L69: 王立川 | M69: 45020 | O69: 45020 | Q69: Done
B70: 45016 | C70: RC520 | D70: W8-装小零件 | F70: 下午时间段，员工不知道SOP已经修改，需要进行预锁 员工3ok其中SOP学习结果是OK，与现场不符 | G70: 生产自检/人员操作 | K70: Eric | L70: 张炳龙 | M70: 45023 | O70: 45023 | Q70: Done
B71: 45027 | C71: ST 530 | D71: W7-装胎 | F71: 新人作业，不知道质量控制点，不明了部分操作要求如从镜子检查衬带、充气要压住轮胎等 | G71: 人员操作 | J71: 1. 针对SOP重新培训 | K71: Youli/Jianhong/Luobin | L71: 张炳龙 | M71: 45034 | N71: 45035 | O71: 45028 | Q71: Done
B72: 45033 | C72: ST 120 | D72: 备料-线管切割 | F72: 线管切割首检表中记录的长度数据非实测数据，没有体现出当时的实际长度情况 | G72: 生产自检/人员操作 | J72: 1.重新培训老袁进行测量数据首检规则 | K72: 罗斌 | L72: 魏金秀 | M72: 45040 | O72: 45034 | P72: 是 | Q72: Done
B73: 45033 | C73: ST 120 | D73: A5-前叉组装 | F73: 设备点检表自上周三（4/12）开始至今（4/17）都未点检，且信息记录不全，无周别信息记录，查阅历史表格，也无设备人员确认 | G73: 生产自检 | J73: 培训设备点检表的内容和执行，持续关注10天仍未发现，持续监督到一个月 | K73: 罗斌 | L73: 魏金秀 | M73: 45040 | O73: 45034 | Q73: Done
B74: 45033 | C74: ST 120 | D74: A5-前叉组装 | F74: 1、前叉压碗机点检表问题同前叉切割机的问题 | G74: 生产自检 | J74: 培训设备点检表的内容和执行，持续关注10天仍未发现，持续监督到一个月 | K74: 罗斌 | L74: 魏金秀 | M74: 45040 | O74: 45034 | Q74: Done
B75: 45033 | C75: ST 120 | D75: A5-前叉组装 | F75: 2、作业员不清楚前叉压碗操作要点，也不清楚其培训师，培训流程？ | G75: 人员操作 | J75: 重新培训SOP以及控制点要求，还有测量方式 领班安排培训师，并有记录 | K75: 罗斌 | L75: 魏金秀 | M75: 45040 | O75: 45034 | Q75: Done
B76: 45033 | C76: ST 120 | D76: A5-前叉组装 | F76: 3、前叉压碗SOP中描述铝前叉需要涂黄油，员工不知道如何区分铝前叉还是铁前叉？ | G76: 人员操作 | J76: 重新培训SOP以及控制点要求，还有测量方式 领班安排培训师，并有记录 | K76: 罗斌 | L76: 魏金秀 | M76: 45040 | O76: 45034 | Q76: Done
B77: 45033 | C77: ST 120 | D77: A2-BB安装 | F77: BB锁紧的顺序与SOP规定的不一致 | G77: 人员操作 | J77: 重新培训SOP以及控制点要求，领班安排培训师，并有记录 | K77: 罗斌 | L77: 李春旭 | M77: 45040 | O77: 45076 | Q77: Done
B78: 45044 | C78: ST 530 | D78: W8-装小零件 | F78: 碟刹片安装操作手法错误，预锁螺丝提前锁紧 | G78: 人员操作 | J78: 目前确认标准为三角打法，第三颗螺丝所今后，将第一颗锁螺丝锁紧 同时培训该工位所有人 | K78: Youli | L78: 魏金秀 | M78: 45055 | O78: 45045 | Q78: Done
B79: 45044 | C79: ST 530 | D79: W7-装胎 | F79: 装胎SOP和实际操作不一致，如先装一边外胎、看镜子等 | G79: 人员操作 | I79: 未按照流程进行操作变更， | J79: 提出金点子，反馈SOP优化，在新版本SOP发布前，培训员工操作与 SOP保持一致 | K79: Youli | L79: 魏金秀 | M79: 45055 | O79: 45045 | Q79: Done
B80: 45044 | C80: ST 530 | D80: A15-封箱 | F80: 员工未按照SOP把座管完全插入后再调整到合适位置 | G80: 人员操作 | J80: 重新培训 | K80: Youli | L80: 李春旭 | M80: 45069 | O80: 45076 | Q80: Done
B81: 45062 | C81: ST 530 | D81: 备料-线管切割 | F81: 老袁首件检验测量记录的为不带线帽的线管长度，与标准不符 | G81: 生产自检/人员操作 | J81: 重新培训 | K81: 罗斌 | L81: 魏金秀 | M81: 45069 | P81: 是 | Q81: Done
B82: 45062 | C82: ST 530 | D82: A5-前叉组装 | F82: 现场没有塞尺，员工只能进行目视检查，怀疑有问题去BB工位借塞尺 | G82: 量具 | J82: 重新培训 | K82: 罗斌 | L82: 魏金秀 | M82: 45069 | Q82: Done
B83: 45062 | C83: ST 530 | D83: A2-BB安装 | F83: BB 组装工位员工在打曲柄螺丝时不知道要检查曲柄螺丝耐落胶，实际SOP要求员工要全检此项目 | G83: 人员操作 | J83: 重新培训 | K83: Youli | L83: 李春旭 | M83: 45069 | O83: 45076 | Q83: Done
B84: 45062 | C84: ST 530 | D84: A6-三合一 | F84: 三合一工位在检查头碗紧点时转动竖管，而SOP要求员工转动前叉腿进行检查，操作与SOP不符 | G84: 人员操作 | J84: 重新培训 | K84: Youli | L84: 李春旭 | M84: 45069 | Q84: Done
B85: 45062 | C85: ST 530 | D85: W5-稳定 | F85: 后轮稳定时只压 一次，要求要压一圈，但员工不清楚机器在什么样的状态下是好的 | G85: 人员操作 | J85: 重新培训 | K85: Youli | L85: 魏金秀 | M85: 45069 | Q85: Done
B86: 45069 | C86: ST530 | D86: A4-车把组装 | F86: 员工螺丝锁紧方向没有按照对角锁紧进行操作 | G86: 人员操作 | J86: 重新培训 | K86: Eric | L86: 李春旭 | M86: 45076 | O86: 45076 | Q86: Done
B87: 45069 | C87: ST530 | D87: W8-装小零件 | F87: 碟刹片螺丝锁紧顺序需要三角方法，员工使用的是对角 据询问：今天为第二天生产，第一天培训的时候培训的是公路车，未培训山地车 | G87: 生产培训 | I87: 需要CAP分析改善 | J87: 重新培训 | K87: Eric | L87: 魏金秀 | M87: 45076 | P87: 是 | Q87: Done
B88: 45076 | C88: RC520 | D88: A1-贴标 | F88: 员工（何叶，雪英）不知道贴标距离是30±5mm，操作实测15mm，SOP已更新，新老员工都不知道 | G88: 人员操作 | H88: Minor | K88: 周剑红 | L88: 李春旭 | R88: 转轻流管理
B89: 45076 | C89: RC520 | D89: A1-贴标 | F89: 员工不知道如何确认量具是否ok | G89: 人员操作 | H89: Critical | K89: 周剑红 | L89: 李春旭
B90: 45076 | C90: RC520 | D90: A11-刹车调节 | F90: 刹车线锁紧需要检查刹车丝是否断裂，员工无该动作 | G90: 生产自检 | H90: Critical | K90: 周剑红 | L90: 李春旭
B91: 45076 | C91: RC520 | D91: A16-下车 | F91: 员工操作没问题，但是员工没有SOP培训，员工表示从来不看SOP，就靠师傅讲解 | G91: 生产培训 | H91: Major | K91: 周剑红 | L91: 李春旭
B92: 45076 | C92: RC520 | D92: 铜头浸泡 | F92: 泡铜头的员工没有被培训，确认无铅铜头和有铅铜头上有风险（原规定专人专管，现在转移负责人并没有交接完善） | G92: 生产培训 | K92: 罗斌 | L92: 魏金秀
B93: 45076 | C93: RC520 | D93: W7-装胎 | F93: 装胎工位，SOP规定Grvl120前进方向与碟刹片一致，但是实际外胎无方向要求 | G93: SOP | H93: Major | K93: 罗斌 | L93: 盛家利
B94: 45076 | C94: RC520 | D94: W7-装胎 | F94: 前后轮装胎工位设备还没到下班点，使用时间已经填写完成 | G94: 生产自检 | H94: Minor | K94: 罗斌 | L94: 魏金秀 | P94: 是

Sheet 审核发现点数据分析（2023）
A1: Back | B1: 控制计划Monitor 结果汇总
B2: 月份 | C2: 备料-线管切割 | D2: W2 | E2: W3 | F2: W4 | G2: W5 | H2: W6 | I2: W7 | J2: W8 | K2: A1 | L2: A2 | M2: A3 | N2: A4 | O2: A5 | P2: A6 | Q2: A7 | R2: A8 | S2: A9 | T2: A10 | U2: A11 | V2: A12 | W2: A13 | X2: A14 | Y2: A15 | Z2: A16 | AA2: A17 | AB2: NOK | AC2: 总工位数 | AD2: 月份 | AE2: 不符合率 | AG2: 月份 | AH2: 备料-线管切割 | AI2: A5-前叉组装 | AJ2: A17-升降坐管
B3: 1月 | C3: NA | D3: NA | E3: NA | F3: NA | G3: NA | H3: NA | I3: NA | J3: NA | K3: OK | L3: NOK | M3: OK | N3: OK | O3: OK | P3: OK | Q3: OK | R3: OK | S3: OK | T3: OK | U3: OK | V3: NOK | W3: NA | X3: NA | Y3: NA | Z3: OK | AA3: NA | AB3: 2 | AC3: 25 | AD3: 1月 | AE3: =AB3/AC3*100% -> 0.08 | AG3: 1月 | AH3: NA | AI3: OK | AJ3: NA
B4: 2月 | C4: NA | D4: NA | E4: OK | F4: NA | G4: OK | H4: OK | I4: OK | J4: OK | K4: OK | L4: OK | M4: OK | N4: OK | O4: OK | P4: NOK | Q4: OK | R4: OK | S4: NOK | T4: OK | U4: NOK | V4: OK | W4: OK | X4: OK | Y4: OK | Z4: NA | AA4: NA | AB4: 4 | AC4: 20 | AD4: 2月 | AE4: =AB4/AC4*100% -> 0.2 | AG4: 2月 | AH4: NA | AI4: OK | AJ4: NA
B5: 3月 | C5: NOK | D5: NOK | E5: OK | F5: OK | G5: OK | H5: OK | I5: OK | J5: NOK | K5: OK | L5: OK | M5: OK | N5: OK | O5: OK | P5: OK | Q5: OK | R5: NOK | S5: OK | T5: OK | U5: OK | V5: NOK | W5: NOK | X5: OK | Y5: OK | Z5: OK | AA5: NOK | AB5: 7 | AC5: 25 | AD5: 3月 | AE5: =AB5/AC5*100% -> 0.28 | AG5: 3月 | AH5: NOK | AI5: OK | AJ5: NOK
B6: 4月 | C6: NOK | D6: OK | E6: OK | F6: OK | G6: OK | H6: OK | I6: NOK | J6: OK | K6: OK | L6: NOK | M6: OK | N6: OK | O6: NOK | P6: OK | Q6: OK | R6: OK | S6: OK | T6: OK | U6: OK | V6: OK | W6: OK | X6: OK | Y6: OK | Z6: OK | AA6: NOK | AB6: 5 | AC6: 25 | AD6: 4月 | AE6: =AB6/AC6*100% -> 0.2 | AG6: 4月 | AH6: NOK | AI6: NOK | AJ6: NOK
B7: 5月 | C7: NOK | D7: OK | E7: OK | F7: OK | G7: NOK | H7: OK | I7: NOK | J7: NOK | K7: NOK | L7: NOK | M7: OK | N7: NOK | O7: NOK | P7: NOK | Q7: OK | R7: OK | S7: OK | T7: OK | U7: NOK | V7: OK | W7: OK | X7: OK | Y7: OK | Z7: NOK | AA7: OK | AB7: 11 | AC7: 25 | AD7: 5月 | AE7: =AB7/AC7*100% -> 0.44 | AG7: 5月 | AH7: NOK | AI7: NOK | AJ7: OK
B8: 6月 | C8: NOK | D8: OK | E8: OK | F8: OK | G8: OK | H8: OK | I8: NOK | J8: NOK | K8: OK | L8: NOK | M8: OK | N8: OK | O8: NOK | P8: OK | Q8: OK | R8: OK | S8: OK | T8: OK | U8: OK | V8: OK | W8: OK | X8: NOK | Y8: OK | Z8: OK | AA8: NOK | AB8: 7 | AC8: 25 | AD8: 6月 | AE8: =AB8/AC8*100% -> 0.28 | AG8: 6月 | AH8: NOK | AI8: NOK | AJ8: NOK
B9: 7月 | C9: NOK | D9: OK | E9: OK | F9: OK | G9: OK | H9: OK | I9: OK | J9: OK | K9: OK | L9: NOK | M9: OK | N9: OK | O9: OK | P9: OK | Q9: OK | R9: OK | S9: OK | T9: OK | U9: OK | V9: OK | W9: OK | X9: OK | Y9: OK | Z9: OK | AA9: OK | AB9: 2 | AC9: 15 | AD9: 7月 | AE9: =AB9/AC9*100% -> 0.13333333 | AG9: 7月 | AH9: NOK | AI9: OK | AJ9: OK
B10: 8月 | C10: NOK | D10: NOK | E10: OK | F10: OK | G10: OK | H10: OK | I10: OK | J10: NOK | K10: OK | L10: OK | M10: NOK | N10: NOK | O10: OK | P10: OK | Q10: NOK | R10: OK | S10: OK | T10: OK | U10: OK | V10: OK | W10: OK | X10: OK | Y10: OK | Z10: OK | AA10: OK | AB10: 5 | AC10: 25 | AD10: 8月 | AE10: =AB10/AC10*100% -> 0.2 | AG10: 8月 | AH10: NOK | AI10: OK | AJ10: OK
B11: 9月 | C11: OK | D11: OK | E11: OK | F11: OK | G11: OK | H11: OK | I11: NOK | K11: OK | L11: OK | M11: OK | N11: OK | O11: OK | P11: OK | Q11: OK | R11: OK | S11: OK | T11: OK | U11: OK | V11: OK | W11: NOK | X11: OK | Y11: OK | Z11: OK | AA11: OK | AB11: 2 | AC11: 20 | AD11: 9月 | AE11: =AB11/AC11*100% -> 0.1 | AG11: 9月 | AH11: OK | AI11: OK | AJ11: OK
B12: 10月 | C12: OK | D12: OK | E12: OK | F12: OK | G12: OK | H12: OK | I12: NOK | J12: NOK | K12: OK | L12: NOK | M12: OK | N12: NOK | O12: OK | P12: OK | Q12: OK | R12: OK | S12: OK | T12: OK | U12: OK | V12: OK | W12: OK | X12: OK | Y12: OK | Z12: OK | AA12: OK | AB12: 4 | AC12: 25 | AD12: 10月 | AE12: =AB12/AC12*100% -> 0.16 | AG12: 10月 | AH12: OK | AI12: OK | AJ12: OK
B13: 11月 | C13: OK | D13: OK | E13: OK | F13: OK | G13: OK | H13: OK | I13: OK | J13: NOK | K13: OK | L13: NOK | M13: OK | N13: OK | O13: OK | P13: OK | Q13: NOK | R13: OK | S13: OK | T13: OK | U13: OK | V13: OK | W13: OK | X13: OK | Y13: OK | Z13: OK | AA13: OK | AB13: 3 | AC13: 25 | AD13: 11月 | AE13: =AB13/AC13*100% -> 0.12 | AG13: 11月 | AH13: OK | AI13: OK | AJ13: OK
B14: 12月 | L14: NOK | M14: NOK | S14: NOK | U14: NOK | AB14: 4 | AC14: 25 | AD14: 12月 | AE14: =AB14/AC14*100% -> 0.16
B15: YTD-NOK | AB15: =sum(AB3:AB14) -> 56 | AC15: =sum(AC3:AC14) -> 280 | AD15: YTD | AE15: =AB15/AC15*100% -> 0.2
C16: 1月 | D16: 2月 | E16: 3月 | F16: 4月 | G16: 5月 | H16: 6月 | I16: 7月 | J16: 8月 | K16: 9月 | L16: 10月 | M16: 11月 | N16: 12月 | P16: 2023年产线工位不符合率 | AG16: =sum(AB3:AB7)/sum(AC3:AC7) -> 0.24166667
B17: 量具 | C17: 1 | D17: 1 | E17: 0 | F17: 1 | G17: 0 | H17: 0 | I17: 1 | J17: 0 | K17: 0 | L17: 0 | M17: 0 | N17: 0 | P17: 控制要求 | Q17: 四月份 | R17: 五月份 | S17: 六月份 | T17: 七月份 | U17: 八月份 | V17: 九月份 | W17: 十月份 | X17: 十一月份 | Y17: 十二月份 | Z17: 总数 | AG17: =sum(AB9:AB13)/sum(AC9:AC13) -> 0.14545455
C18: 1月 | D18: 2月 | E18: 3月 | F18: 4月 | G18: 5月 | H18: 6月 | I18: 7月 | J18: 8月 | K18: 9月 | L18: 10月 | M18: 11月 | N18: 12月 | P18: 工位--NOK | Q18: 6 | R18: 3 | S18: 4 | T18: 3 | U18: 4 | V18: 5 | W18: 3 | X18: 2 | Y18: 4 | Z18: 34
B19: SOP | C19: 5 | D19: 2 | E19: 2 | F19: 1 | G19: 1 | H19: 0 | I19: 3 | J19: 1 | K19: 3 | L19: 0 | M19: 2 | N19: 1 | P19: Monitor的工位总数--All | Q19: 18 | R19: 15 | S19: 10 | T19: 12 | U19: 18 | V19: 21 | W19: 17 | X19: 16 | Y19: 18 | Z19: 145
C20: 1月 | D20: 2月 | E20: 3月 | F20: 4月 | G20: 5月 | H20: 6月 | I20: 7月 | J20: 8月 | K20: 9月 | L20: 10月 | M20: 11月 | N20: 12月 | P20: 控制要求 | Q20: 第一次 | R20: 第二次 | S20: 第三次 | T20: 第四次 | U20: 第五次 | V20: 第六次 | W20: 第七次 | X20: 第八次 | Y20: 第九次 | Z20: 第十次 | AA20: 第十一次 | AB20: 第十二次
B21: 技能 | C21: 6 | D21: 2 | E21: 1 | F21: 2 | G21: 2 | H21: 2 | I21: 2 | J21: 2 | K21: 1 | L21: 3 | M21: 2 | N21: 3 | P21: NCR | Q21: =Q18/(Q19+Q18)*100% -> 0.25 | R21: =R18/R19 -> 0.2 | S21: =S18/S19 -> 0.4 | T21: =T18/T19 -> 0.25 | U21: =U18/U19 -> 0.22222222 | V21: =V18/V19 -> 0.23809524 | W21: =W18/W19 -> 0.17647059 | X21: =X18/X19 -> 0.125 | Y21: =Y18/Y19 -> 0.22222222 | ... AB21: =AB18/AB19 -> #DIV/0!
C22: 1月 | D22: 2月 | E22: 3月 | F22: 4月 | G22: 5月 | H22: 6月 | I22: 7月 | J22: 8月 | K22: 9月 | L22: 10月 | M22: 11月 | N22: 12月
B23: 产品 | C23: 1 | D23: 2 | E23: 0 | F23: 2 | G23: 1 | H23: 2 | I23: 0 | J23: 0 | K23: 0 | L23: 0 | N23: 0

Sheet 审核发现点数据分析（2024）
A1: Back | B1: 控制计划Monitor 结果汇总
B2: 月份 | C2: 备料-线管切割 | D2: W2 | E2: W3 | F2: W4 | G2: W5 | H2: W6 | I2: W7 | J2: W8 | K2: A1 | L2: A2 | M2: A3 | N2: A4 | O2: A5 | P2: A6 | Q2: A7 | R2: A8 | S2: A9 | T2: A10 | U2: A11 | V2: A12 | W2: A13 | X2: A14 | Y2: A15 | Z2: A16 | AA2: A17 | AB2: NOK | AC2: 总工位数 | AD2: 月份 | AE2: 不符合率 | AG2: 月份 | AH2: 备料-线管切割 | AI2: A5-前叉组装 | AJ2: A17-升降坐管
B3: 1月 | G3: NOK | M3: NOK | O3: NOK | P3: NOK | AB3: 4 | AC3: 25 | AD3: 1月 | AE3: =AB3/AC3*100% -> 0.16 | AG3: 1月 | AH3: NA | AI3: OK | AJ3: NA
B4: 2月 | AB4: 0 | AC4: 20 | AD4: 2月 | AE4: =AB4/AC4*100% -> 0 | AG4: 2月 | AH4: NA | AI4: OK | AJ4: NA
B5: 3月 | L5: NOK | M5: NOK | Z5: NOK | AB5: 3 | AC5: 25 | AD5: 3月 | AE5: =AB5/AC5*100% -> 0.12 | AG5: 3月 | AH5: NOK | AI5: OK | AJ5: NOK
B6: 4月 | C6: NOK | AB6: 1 | AC6: 25 | AD6: 4月 | AE6: =AB6/AC6*100% -> 0.04 | AG6: 4月 | AH6: NOK | AI6: NOK | AJ6: NOK
B7: 5月 | D7: NOK | AA7: NOK | AB7: 2 | AC7: 25 | AD7: 5月 | AE7: =AB7/AC7*100% -> 0.08 | AG7: 5月 | AH7: NOK | AI7: NOK | AJ7: OK
B8: 6月 | AB8: 5 | AC8: 25 | AD8: 6月 | AE8: =AB8/AC8*100% -> 0.2 | AG8: 6月 | AH8: NOK | AI8: NOK | AJ8: NOK
B9: 7月 | AB9: 3 | AC9: 25 | AD9: 7月 | AE9: =AB9/AC9*100% -> 0.12 | AG9: 7月 | AH9: NOK | AI9: OK | AJ9: OK
B10: 8月 | AB10: 6 | AC10: 25 | AD10: 8月 | AE10: =AB10/AC10*100% -> 0.24 | AG10: 8月 | AH10: NOK | AI10: OK | AJ10: OK
B11: 9月 | AB11: 4 | AC11: 25 | AD11: 9月 | AE11: =AB11/AC11*100% -> 0.16 | AG11: 9月 | AH11: OK | AI11: OK | AJ11: OK
B12: 10月 | AB12: 1 | AC12: 25 | AD12: 10月 | AE12: =AB12/AC12*100% -> 0.04 | AG12: 10月 | AH12: OK | AI12: OK | AJ12: OK
B13: 11月 | AB13: 0 | AC13: 25 | AD13: 11月 | AE13: =AB13/AC13*100% -> 0 | AG13: 11月 | AH13: OK | AI13: OK | AJ13: OK
B14: 12月 | AB14: 2 | AC14: 25 | AD14: 12月 | AE14: =AB14/AC14*100% -> 0.08
B15: YTD-NOK | AB15: =sum(AB3:AB14) -> 31 | AC15: =sum(AC3:AC14) -> 295 | AD15: YTD | AE15: =AB15/AC15*100% -> 0.10508475
C16: 1月 | D16: 2月 | E16: 3月 | F16: 4月 | G16: 5月 | H16: 6月 | I16: 7月 | J16: 8月 | K16: 9月 | L16: 10月 | M16: 11月 | N16: 12月 | P16: 2024年产线工位不符合率 | AG16: =sum(AB3:AB7)/sum(AC3:AC7) -> 0.083333333
B17: 量具 | P17: 控制要求 | Q17: 四月份 | R17: 五月份 | S17: 六月份 | T17: 七月份 | U17: 八月份 | V17: 九月份 | W17: 十月份 | X17: 十一月份 | Y17: 十二月份 | Z17: 总数 | AG17: =sum(AB9:AB13)/sum(AC9:AC13) -> 0.112
C18: 1月 | D18: 2月 | E18: 3月 | F18: 4月 | G18: 5月 | H18: 6月 | I18: 7月 | J18: 8月 | K18: 9月 | L18: 10月 | M18: 11月 | N18: 12月 | P18: 工位--NOK | Q18: 6 | R18: 3 | S18: 4 | T18: 3 | U18: 4 | V18: 5 | W18: 3 | X18: 2 | Y18: 4 | Z18: 34
B19: SOP | P19: Monitor的工位总数--All | Q19: 18 | R19: 15 | S19: 10 | T19: 12 | U19: 18 | V19: 21 | W19: 17 | X19: 16 | Y19: 18 | Z19: 145
C20: 1月 | D20: 2月 | E20: 3月 | F20: 4月 | G20: 5月 | H20: 6月 | I20: 7月 | J20: 8月 | K20: 9月 | L20: 10月 | M20: 11月 | N20: 12月 | P20: 控制要求 | Q20: 第一次 | R20: 第二次 | S20: 第三次 | T20: 第四次 | U20: 第五次 | V20: 第六次 | W20: 第七次 | X20: 第八次 | Y20: 第九次 | Z20: 第十次 | AA20: 第十一次 | AB20: 第十二次
B21: 技能 | P21: NCR | Q21: =Q18/(Q19+Q18)*100% -> 0.25 | R21: =R18/R19 -> 0.2 | S21: =S18/S19 -> 0.4 | T21: =T18/T19 -> 0.25 | U21: =U18/U19 -> 0.22222222 | V21: =V18/V19 -> 0.23809524 | W21: =W18/W19 -> 0.17647059 | X21: =X18/X19 -> 0.125 | Y21: =Y18/Y19 -> 0.22222222 | ... AB21: =AB18/AB19 -> #DIV/0!
C22: 1月 | D22: 2月 | E22: 3月 | F22: 4月 | G22: 5月 | H22: 6月 | I22: 7月 | J22: 8月 | K22: 9月 | L22: 10月 | M22: 11月 | N22: 12月
B23: 产品

Sheet KPI（2023）
A1: Back | B1: 2023 Quality KPI 总览 | I1: FQC拒收率 | J1: 拒收数量/总生产数量 | K1: ≤12000ppm
A2: 客诉DPPM | I2: NCR不良率 | J2: （CP control NOK + CP control DER）/Total number of CP performed | K2: ≤15%
A3: FQC | I3: DPPM | J3: （客户投诉数量*百万）/出货总数量 | K3: ≤3200PPM
A4: PQC
A5: CP Monitor
A6: Routine Pareto analysis

Sheet KPI（2024）
A1: Back | B1: CMW Quality KPI 总览 | I1: FQC拒收率 | J1: 拒收数量/总生产数量 | K1: ≤12000ppm
A2: 客诉DPPM | I2: NCR不良率 | J2: （CP control NOK + CP control DER）/Total number of CP performed | K2: ≤15%
A3: FQC | I3: DPPM | J3: （客户投诉数量*百万）/出货总数量 | K3: ≤3200PPM
A4: PQC
A5: CP Monitor

Sheet KPI（2023）（修改版）
A1: Back | B1: 2023 Quality KPI Dashboard | I1: FQC拒收率 | J1: 拒收数量/总生产数量 | K1: ≤12000ppm
A2: 客诉DPPM | I2: NCR不良率 | J2: （CP control NOK + CP control DER）/Total number of CP performed | K2: ≤15%
A3: FQC | I3: DPPM | J3: （客户投诉数量*百万）/出货总数量 | K3: ≤3200PPM
A4: PQC
A5: CP Monitor
A6: Routine Pareto analysis

Sheet 审核发现点数据分析-小线（2025）
A1: Back | B1: 控制计划Monitor 结果汇总（高端线）
B2: 月份 | C2: 备料-线管切割 | D2: W2 | E2: W3 | F2: W4 | G2: W5 | H2: W6 | I2: W7 | J2: W8 | K2: A1 | L2: A2 | M2: A3 | N2: A4 | O2: A5 | P2: A6 | Q2: A7 | R2: A8 | S2: A9 | T2: A10 | U2: A11 | V2: A12 | W2: A13 | X2: A14 | Y2: A15 | Z2: A16 | AA2: A17 | AB2: NOK | AC2: 总工位数 | AD2: 月份 | AE2: 不符合率 | AG2: 月份 | AH2: 备料-线管切割 | AI2: A5-前叉组装 | AJ2: A17-升降坐管
B3: 1月 | AC3: 25 | AD3: 1月 | AE3: =AB3/AC3*100 -> 0 | AG3: 1月
B4: 2月 | AC4: 20 | AD4: 2月 | AE4: =AB4/AC4*100% -> 0 | AG4: 2月
B5: 3月 | AC5: 25 | AD5: 3月 | AE5: =AB5/AC5*100% -> 0 | AG5: 3月
B6: 4月 | AC6: 25 | AD6: 4月 | AE6: =AB6/AC6*100% -> 0 | AG6: 4月
B7: 5月 | AC7: 25 | AD7: 5月 | AE7: =AB7/AC7*100% -> 0 | AG7: 5月
B8: 6月 | AC8: 25 | AD8: 6月 | AE8: =AB8/AC8*100% -> 0 | AG8: 6月
B9: 7月 | AC9: 25 | AD9: 7月 | AE9: =AB9/AC9*100% -> 0 | AG9: 7月
B10: 8月 | AC10: 25 | AD10: 8月 | AE10: =AB10/AC10*100% -> 0 | AG10: 8月
B11: 9月 | AC11: 25 | AD11: 9月 | AE11: =AB11/AC11*100% -> 0 | AG11: 9月
B12: 10月 | AC12: 25 | AD12: 10月 | AE12: =AB12/AC12*100% -> 0 | AG12: 10月
B13: 11月 | AC13: 25 | AD13: 11月 | AE13: =AB13/AC13*100% -> 0 | AG13: 11月
B14: 12月 | AC14: 25 | AD14: 12月 | AE14: =AB14/AC14*100% -> 0
B15: YTD-NOK | AB15: =sum(AB3:AB14) -> 0 | AC15: =sum(AC3:AC14) -> 295 | AD15: YTD | AE15: =AB15/AC15*100% -> 0
C16: 1月 | D16: 2月 | E16: 3月 | F16: 4月 | G16: 5月 | H16: 6月 | I16: 7月 | J16: 8月 | K16: 9月 | L16: 10月 | M16: 11月 | N16: 12月 | P16: 2025年产线工位不符合率 | AG16: =sum(AB3:AB7)/sum(AC3:AC7) -> 0
B17: 量具 | P17: 控制要求 | Q17: 四月份 | R17: 五月份 | S17: 六月份 | T17: 七月份 | U17: 八月份 | V17: 九月份 | W17: 十月份 | X17: 十一月份 | Y17: 十二月份 | Z17: 总数 | AG17: =sum(AB9:AB13)/sum(AC9:AC13) -> 0
C18: 1月 | D18: 2月 | E18: 3月 | F18: 4月 | G18: 5月 | H18: 6月 | I18: 7月 | J18: 8月 | K18: 9月 | L18: 10月 | M18: 11月 | N18: 12月 | P18: 工位--NOK
B19: SOP | P19: Monitor的工位总数--All
C20: 1月 | D20: 2月 | E20: 3月 | F20: 4月 | G20: 5月 | H20: 6月 | I20: 7月 | J20: 8月 | K20: 9月 | L20: 10月 | M20: 11月 | N20: 12月 | P20: 控制要求 | Q20: 第一次 | R20: 第二次 | S20: 第三次 | T20: 第四次 | U20: 第五次 | V20: 第六次 | W20: 第七次 | X20: 第八次 | Y20: 第九次 | Z20: 第十次 | AA20: 第十一次 | AB20: 第十二次
B21: 技能 | P21: NCR | Q21: =Q18/(Q19+Q18)*100% -> #DIV/0! | R21: =R18/R19 -> #DIV/0! | S21: =S18/S19 -> #DIV/0! | T21: =T18/T19 -> #DIV/0! | U21: =U18/U19 -> #DIV/0! | V21: =V18/V19 -> #DIV/0! | W21: =W18/W19 -> #DIV/0! | X21: =X18/X19 -> #DIV/0! | Y21: =Y18/Y19 -> #DIV/0! | ... AB21: =AB18/AB19 -> #DIV/0!
C22: 1月 | D22: 2月 | E22: 3月 | F22: 4月 | G22: 5月 | H22: 6月 | I22: 7月 | J22: 8月 | K22: 9月 | L22: 10月 | M22: 11月 | N22: 12月
B23: 产品

Sheet 审核发现点数据分析-大线（2025）
A1: Back | B1: 控制计划Monitor 结果汇总（大线）
B2: 月份 | C2: 备料-线管切割 | D2: W2 | E2: W3 | F2: W4 | G2: W5 | H2: W6 | I2: W7 | J2: W8 | K2: A1 | L2: A2 | M2: A3 | N2: A4 | O2: A5 | P2: A6 | Q2: A7 | R2: A8 | S2: A9 | T2: A10 | U2: A11 | V2: A12 | W2: A13 | X2: A14 | Y2: A15 | Z2: A16 | AA2: A17 | AB2: NOK | AC2: 总工位数 | AD2: 月份 | AE2: 不符合率 | AG2: 月份 | AH2: 备料-线管切割 | AI2: A5-前叉组装 | AJ2: A17-升降坐管
B3: 1月 | AB3: 0 | AC3: 25 | AD3: 1月 | AE3: =AB3/AC3*100 -> 0 | AG3: 1月
B4: 2月 | C4: NOK | J4: NOK | L4: NOK | AB4: 3 | AC4: 20 | AD4: 2月 | AE4: =AB4/AC4*100% -> 0.15 | AG4: 2月
B5: 3月 | J5: NOK | V5: NOK | AB5: 2 | AC5: 25 | AD5: 3月 | AE5: =AB5/AC5*100% -> 0.08 | AG5: 3月
B6: 4月 | K6: NOK | L6: NOK | P6: NOK | AB6: 3 | AC6: 19 | AD6: 4月 | AE6: =AB6/AC6*100% -> 0.15789474 | AG6: 4月
B7: 5月 | C7: NOK | O7: NOK | Q7: NOK | AB7: 2 | AC7: 25 | AD7: 5月 | AE7: =AB7/AC7*100% -> 0.08 | AG7: 5月
B8: 6月 | L8: NOK*2 | N8: NOK*2 | Q8: NOK | R8: NOK | V8: NOK | X8: NOK | Y8: NOK | AB8: 9 | AC8: 25 | AD8: 6月 | AE8: =AB8/AC8*100% -> 0.36 | AG8: 6月
B9: 7月 | N9: NOK*2 | AB9: 2 | AC9: 25 | AD9: 7月 | AE9: =AB9/AC9*100% -> 0.08 | AG9: 7月
B10: 8月 | J10: NOK | S10: NOK*2 | AB10: 3 | AC10: 25 | AD10: 8月 | AE10: =AB10/AC10*100% -> 0.12 | AG10: 8月
B11: 9月 | T11: NOK | AB11: 1 | AC11: 25 | AD11: 9月 | AE11: =AB11/AC11*100% -> 0.04 | AG11: 9月
B12: 10月 | AB12: 0 | AC12: 0 | AD12: 10月 | AE12: 0%% | AG12: 10月
B13: 11月 | AB13: 0 | AC13: 0 | AD13: 11月 | AE13: 0%% | AG13: 11月
B14: 12月 | AB14: 0 | AC14: 0 | AD14: 12月 | AE14: =AB14/AC14*100% -> #DIV/0!
B15: YTD-NOK | AB15: =sum(AB3:AB14) -> 25 | AC15: =sum(AC3:AC14) -> 214 | AD15: YTD | AE15: =AB15/AC15*100% -> 0.11682243
C16: 1月 | D16: 2月 | E16: 3月 | F16: 4月 | G16: 5月 | H16: 6月 | I16: 7月 | J16: 8月 | K16: 9月 | L16: 10月 | M16: 11月 | N16: 12月 | P16: 2025年产线工位不符合率 | AG16: =sum(AB3:AB7)/sum(AC3:AC7) -> 0.087719298
B17: 设备 | F17: 1 | P17: 控制要求 | Q17: 四月份 | R17: 五月份 | S17: 六月份 | T17: 七月份 | U17: 八月份 | V17: 九月份 | W17: 十月份 | X17: 十一月份 | Y17: 十二月份 | Z17: 总数 | AG17: =sum(AB9:AB13)/sum(AC9:AC13) -> 0.08
C18: 1月 | D18: 2月 | E18: 3月 | F18: 4月 | G18: 5月 | H18: 6月 | I18: 7月 | J18: 8月 | K18: 9月 | L18: 10月 | M18: 11月 | N18: 12月 | P18: 工位--NOK | Q18: 3 | R18: 2 | S18: 9 | T18: 2 | U18: 3 | V18: 1 | W18: 0 | X18: 0
B19: SOP | D19: 1 | E19: 1 | H19: 4 | P19: Monitor的工位总数--All | Q19: 16 | R19: 25 | S19: 25 | T19: 25 | U19: 25 | V19: 25 | W19: 0 | X19: 0 | AD19: =8/43 -> 0.18604651
C20: 1月 | D20: 2月 | E20: 3月 | F20: 4月 | G20: 5月 | H20: 6月 | I20: 7月 | J20: 8月 | K20: 9月 | L20: 10月 | M20: 11月 | N20: 12月 | P20: 控制要求 | Q20: 第一次 | R20: 第二次 | S20: 第三次 | T20: 第四次 | U20: 第五次 | V20: 第六次 | W20: 第七次 | X20: 第八次 | Y20: 第九次 | Z20: 第十次 | AA20: 第十一次 | AB20: 第十二次
B21: 人员操作 | D21: 1 | E21: 2 | F21: 2 | H21: 2 | I21: 2 | P21: NCR | Q21: =Q18/(Q19+Q18)*100% -> 0.15789474 | R21: =R18/R19 -> 0.08 | S21: =S18/S19 -> 0.36 | T21: =T18/T19 -> 0.08 | U21: =U18/U19 -> 0.12 | V21: =V18/V19 -> 0.04 | W21: 0 | X21: 0 | Y21: =Y18/Y19 -> #DIV/0! | Z21: =Z18/Z19 -> #DIV/0! | AA21: =AA18/AA19 -> #DIV/0! | AB21: =AB18/AB19 -> #DIV/0!
C22: 1月 | D22: 2月 | E22: 3月 | F22: 4月 | G22: 5月 | H22: 6月 | I22: 7月 | J22: 8月 | K22: 9月 | L22: 10月 | M22: 11月 | N22: 12月
B23: 其他 | D23: 1 | G23: 2 | H23: 3
N44: 人员操作 | O44: 9 | P44: =O44/sum($O$44:$O$47) -> 0.40909091
N45: SOP | O45: 6 | P45: =(O44+O45)/$S$45 -> 0.68181818 | S45: =sum(O44:O47) -> 22
N46: 其他 | O46: 6 | P46: =(O45+O46+O44)/$S$45 -> 0.95454545
N47: 设备 | O47: 1 | P47: =(O46+O47+O45+O44)/$S$45 -> 1
A66: 备料-线管切割 | B66: W2 | C66: W3 | D66: W4 | E66: W5 | F66: W6 | G66: W7 | H66: W8 | I66: A1 | J66: A2 | K66: A3 | L66: A4 | M66: A5 | N66: A6 | O66: A7 | P66: A8 | Q66: A9 | R66: A10 | S66: A11 | T66: A12 | U66: A13 | V66: A14 | W66: A15 | X66: A16 | Y66: A17
A67: 2 | H67: 2 | I67: 1 | J67: 4 | L67: 4 | N67: 1 | O67: 2 | P67: 1 | T67: 2 | V67: 1

Sheet 2024 KPI-大小线（IV)
C1: 2024 IV DPPM-大小线
C2: 月份 | D2: 1月 | E2: 2月 | F2: 3月 | G2: 4月 | H2: 5月 | I2: 6月 | J2: 7月 | K2: 8月 | L2: 9月 | M2: 10月 | N2: 11月 | O2: 12月 | P2: YTD
A3: Intern voice Qty | B3: 大线 | C3: KID CYCLING | P3: =SUM(D3:O3) -> 0
C4: 山地ST | D4: 3 | E4: 2 | F4: 4 | G4: 5 | H4: 4 | I4: 5 | J4: 2 | K4: 4 | L4: 5 | M4: 1 | N4: 5 | P4: =SUM(D4:O4) -> 40
C5: 山地XC/AM/Race | F5: 2 | I5: 1 | J5: 3 | K5: 1 | M5: 2 | N5: 2 | P5: =SUM(D5:O5) -> 11
C6: Hybrid Bike | H6: 1 | I6: 2 | L6: 1 | N6: 1 | P6: =SUM(D6:O6) -> 5
C7: 公路RC | E7: 1 | F7: 3 | G7: 2 | I7: 6 | J7: 8 | K7: 9 | L7: 4 | M7: 4 | N7: 1 | P7: =SUM(D7:O7) -> 38
C8: 大线GRVL | F8: 1 | H8: 3 | L8: 1 | M8: 1 | N8: 1 | P8: =SUM(D8:O8) -> 7
C9: 大线EDR | G9: 1 | J9: 1 | M9: 1 | P9: =SUM(D9:O9) -> 3
C10: Total | D10: =SUM(D3:D9) -> 3 | E10: =SUM(E3:E9) -> 3 | F10: =SUM(F3:F9) -> 10 | G10: =SUM(G3:G9) -> 8 | H10: =SUM(H3:H9) -> 8 | I10: =SUM(I3:I9) -> 14 | J10: =SUM(J3:J9) -> 14 | K10: =SUM(K3:K9) -> 14 | ... N10: =SUM(N3:N9) -> 10 | O10: 12 | P10: =SUM(P3:P9) -> 104
B11: 小线 | C11: 小线GRVL | P11: =SUM(D11:O11) -> 0
C12: 小线EDR | F12: 1 | H12: 1 | K12: 1 | L12: 2 | M12: 1 | P12: =SUM(D12:O12) -> 6
C13: 小线RCR | M13: 2 | N13: 3 | P13: =SUM(D13:O13) -> 5
C14: Touring | G14: 2 | H14: 1 | P14: =SUM(D14:O14) -> 3
C15: 小线XC | I15: 2 | P15: =SUM(D15:O15) -> 2
C16: Total | D16: =SUM(D11:D14) -> 0 | E16: =SUM(E11:E14) -> 0 | F16: =SUM(F11:F14) -> 1 | G16: =SUM(G11:G14) -> 2 | H16: =SUM(H11:H14) -> 2 | I16: =SUM(I11:I15) -> 2 | J16: =SUM(J11:J14) -> 0 | K16: =SUM(K11:K14) -> 1 | L16: =SUM(L11:L14) -> 2 | M16: =SUM(M11:M14) -> 3 | N16: =SUM(N11:N14) -> 3 | O16: 1 | P16: =SUM(P11:P14) -> 14
C17: 工厂Total | D17: =SUM(D3:D9,D11:D15) -> 3 | E17: =SUM(E3:E9,E11:E15) -> 3 | F17: =SUM(F3:F9,F11:F15) -> 11 | G17: =SUM(G3:G9,G11:G15) -> 10 | H17: =SUM(H3:H9,H11:H15) -> 10 | I17: =SUM(I3:I9,I11:I15) -> 16 | J17: =SUM(J3:J9,J11:J15) -> 14 | K17: =SUM(K3:K9,K11:K15) -> 15 | ... N17: =SUM(N3:N9,N11:N15) -> 13 | O17: 13 | P17: =SUM(P3:P9,P11:P15) -> 120
A18: Ship out number | B18: 大线 | C18: KID CYCLING | D18: 24 | K18: 72 | L18: 96 | M18: 120 | N18: 48 | P18: =SUM(D18:O18) -> 360
C19: 山地ST | D19: 1620 | E19: 2156 | F19: 2815 | G19: 3140 | H19: 4954 | I19: 3221 | J19: 3241 | K19: 4695 | L19: 2669 | M19: 377 | N19: 754 | O19: 509 | P19: =SUM(D19:O19) -> 30151
C20: 山地XC/AM/Race | D20: 12 | E20: 16 | F20: 8 | G20: 40 | H20: 22 | I20: 87 | J20: 8 | K20: 20 | L20: 59 | M20: 27 | N20: 69 | O20: 7 | P20: =SUM(D20:O20) -> 375
C21: Hybrid Bike | D21: 90 | E21: 16 | F21: 80 | I21: 80 | K21: 68 | L21: 112 | M21: 136 | N21: 15 | P21: =SUM(D21:O21) -> 597
C22: 公路RC | D22: 1321 | E22: 1341 | F22: 237 | G22: 879 | H22: 2539 | I22: 386 | J22: 211 | K22: 640 | L22: 658 | M22: 504 | N22: 2 | O22: 289 | P22: =SUM(D22:O22) -> 9007
C23: 大线GRVL | D23: 0 | E23: 131 | F23: 43 | G23: 175 | H23: 195 | I23: 326 | J23: 229 | K23: 166 | N23: 3 | O23: 318 | P23: =SUM(D23:O23) -> 1586
C24: 大线EDR | D24: 668 | E24: 353 | F24: 538 | G24: 752 | I24: 1595 | J24: 769 | K24: 363 | L24: 1089 | M24: 332 | P24: =SUM(D24:O24) -> 6459
C25: Total | D25: =SUM(D18:D24) -> 3735 | E25: =SUM(E18:E24) -> 4013 | F25: =SUM(F18:F24) -> 3721 | G25: =SUM(G18:G24) -> 4986 | H25: =SUM(H18:H24) -> 7710 | I25: =SUM(I18:I24) -> 5695 | J25: =SUM(J18:J24) -> 4458 | K25: =SUM(K18:K24) -> 6024 | ... P25: =SUM(P18:P24) -> 48535
B26: 小线 | C26: 小线GRVL | D26: 132 | E26: 63 | F26: 197 | G26: 307 | H26: 86 | I26: 203 | J26: 261 | K26: 224 | L26: 47 | P26: =SUM(D26:O26) -> 1520
C27: 小线EDR | D27: 164 | E27: 246 | F27: 138 | G27: 292 | H27: 645 | I27: 111 | J27: 119 | K27: 28 | L27: 251 | M27: 78 | O27: 1 | P27: =SUM(D27:O27) -> 2073
C28: 小线RCR | D28: 0 | E28: 89 | F28: 17 | G28: 86 | H28: 151 | I28: 106 | J28: 176 | K28: 221 | L28: 261 | M28: 231 | N28: 121 | O28: 39 | P28: =SUM(D28:O28) -> 1498
C29: Touring | E29: 47 | G29: 50 | K29: 54 | L29: 19 | P29: =SUM(D29:O29) -> 170
C30: 小线XC | G30: 4 | H30: 54 | J30: 9 | K30: 47 | L30: 58 | M30: 4 | N30: 57 | O30: 16 | P30: =SUM(D30:O30) -> 249
C31: Total | D31: =SUM(D26:D30) -> 296 | E31: =SUM(E26:E30) -> 445 | F31: =SUM(F26:F30) -> 352 | G31: =SUM(G26:G30) -> 739 | H31: =SUM(H26:H30) -> 936 | I31: =SUM(I26:I30) -> 420 | J31: =SUM(J26:J30) -> 565 | K31: =SUM(K26:K30) -> 574 | ... P31: =SUM(P26:P30) -> 5510
C32: 工厂Total | D32: =sum(D18:D24,D26:D30) -> 4031 | E32: =sum(E18:E24,E26:E30) -> 4458 | F32: =sum(F18:F24,F26:F30) -> 4073 | G32: =sum(G18:G24,G26:G30) -> 5725 | H32: =sum(H18:H24,H26:H30) -> 8646 | I32: =sum(I18:I24,I26:I30) -> 6115 | J32: =sum(J18:J24,J26:J30) -> 5023 | K32: =sum(K18:K24,K26:K30) -> 6598 | ... O32: =sum(O18:O24,O26:O30) -> 1179 | P32: =SUM(P18:P24,P26:P30) -> 54045
A33: DPPM | B33: 大线 | C33: KID CYCLING | D33: =(D3/D18)*1000000 -> 0 | E33: =(E3/E18)*1000000 -> #DIV/0! | F33: =(F3/F18)*1000000 -> #DIV/0! | G33: =(G3/G18)*1000000 -> #DIV/0! | H33: =(H3/H18)*1000000 -> #DIV/0! | I33: =(I3/I18)*1000000 -> #DIV/0! | J33: =(J3/J18)*1000000 -> #DIV/0! | K33: =(K3/K18)*1000000 -> 0 | ... P33: =(P3/P18)*1000000 -> 0
C34: 山地ST | D34: =(D4/D19)*1000000 -> 1851.8519 | E34: =(E4/E19)*1000000 -> 927.64378 | F34: =(F4/F19)*1000000 -> 1420.9591 | G34: =(G4/G19)*1000000 -> 1592.3567 | H34: =(H4/H19)*1000000 -> 807.42834 | I34: =(I4/I19)*1000000 -> 1552.3129 | J34: =(J4/J19)*1000000 -> 617.09349 | K34: =(K4/K19)*1000000 -> 851.97018 | ... P34: =(P4/P19)*1000000 -> 1326.6558
C35: 山地XC/AM/Race | D35: =(D5/D20)*1000000 -> 0 | E35: =(E5/E20)*1000000 -> 0 | F35: =(F5/F20)*1000000 -> 250000 | G35: =(G5/G20)*1000000 -> 0 | H35: =(H5/H20)*1000000 -> 0 | I35: =(I5/I20)*1000000 -> 11494.253 | J35: =(J5/J20)*1000000 -> 375000 | K35: =(K5/K20)*1000000 -> 50000 | ... P35: =(P5/P20)*1000000 -> 29333.333
C36: Hybrid Bike | D36: =(D6/D21)*1000000 -> 0 | E36: =(E6/E21)*1000000 -> 0 | F36: =(F6/F21)*1000000 -> 0 | G36: =(G6/G21)*1000000 -> #DIV/0! | H36: =(H6/H21)*1000000 -> #DIV/0! | I36: =(I6/I21)*1000000 -> 25000 | J36: =(J6/J21)*1000000 -> #DIV/0! | K36: =(K6/K21)*1000000 -> 0 | ... P36: =(P6/P21)*1000000 -> 8375.2094
C37: 公路RC | D37: =(D7/D22)*1000000 -> 0 | E37: =(E7/E22)*1000000 -> 745.71216 | F37: =(F7/F22)*1000000 -> 12658.228 | G37: =(G7/G22)*1000000 -> 2275.3129 | H37: =(H7/H22)*1000000 -> 0 | I37: =(I7/I22)*1000000 -> 15544.041 | J37: =(J7/J22)*1000000 -> 37914.692 | K37: =(K7/K22)*1000000 -> 14062.5 | ... P37: =(P7/P22)*1000000 -> 4218.9408
C38: 大线GRVL | D38: =(D8/D23)*1000000 -> #DIV/0! | E38: =(E8/E23)*1000000 -> 0 | F38: =(F8/F23)*1000000 -> 23255.814 | G38: =(G8/G23)*1000000 -> 0 | H38: =(H8/H23)*1000000 -> 15384.615 | I38: =(I8/I23)*1000000 -> 0 | J38: =(J8/J23)*1000000 -> 0 | K38: =(K8/K23)*1000000 -> 0 | ... P38: =(P8/P23)*1000000 -> 4413.6192
C39: 大线EDR | D39: =(D9/D24)*1000000 -> 0 | E39: =(E9/E24)*1000000 -> 0 | F39: =(F9/F24)*1000000 -> 0 | G39: =(G9/G24)*1000000 -> 1329.7872 | H39: =(H9/H24)*1000000 -> #DIV/0! | I39: =(I9/I24)*1000000 -> 0 | J39: =(J9/J24)*1000000 -> 1300.3901 | K39: =(K9/K24)*1000000 -> 0 | ... P39: =(P9/P24)*1000000 -> 464.46818
C40: 大线Total | D40: =(D10/D25)*1000000 -> 803.21285 | E40: =(E10/E25)*1000000 -> 747.5704 | F40: =(F10/F25)*1000000 -> 2687.4496 | G40: =(G10/G25)*1000000 -> 1604.4926 | H40: =(H10/H25)*1000000 -> 1037.6135 | I40: =(I10/I25)*1000000 -> 2458.2968 | J40: =(J10/J25)*1000000 -> 3140.4217 | K40: =(K10/K25)*1000000 -> 2324.0372 | ... P40: =(P10/P25)*1000000 -> 2142.7836
B41: 小线 | C41: 小线GRVL | D41: =(D11/D26)*1000000 -> 0 | E41: =(E11/E26)*1000000 -> 0 | F41: =(F11/F26)*1000000 -> 0 | G41: =(G11/G26)*1000000 -> 0 | H41: =(H11/H26)*1000000 -> 0 | I41: =(I11/I26)*1000000 -> 0 | J41: =(J11/J26)*1000000 -> 0 | K41: =(K11/K26)*1000000 -> 0 | ... P41: =(P11/P26)*1000000 -> 0
C42: 小线EDR | D42: =(D12/D27)*1000000 -> 0 | E42: =(E12/E27)*1000000 -> 0 | F42: =(F12/F27)*1000000 -> 7246.3768 | G42: =(G12/G27)*1000000 -> 0 | H42: =(H12/H27)*1000000 -> 1550.3876 | I42: =(I12/I27)*1000000 -> 0 | J42: =(J12/J27)*1000000 -> 0 | K42: =(K12/K27)*1000000 -> 35714.286 | ... P42: =(P12/P27)*1000000 -> 2894.356
C43: 小线RCR | D43: =D13/D28 -> #DIV/0! | E43: =E13/E28 -> 0 | F43: =F13/F28 -> 0 | G43: =G13/G28 -> 0 | H43: =H13/H28 -> 0 | I43: =I13/I28 -> 0 | J43: =J13/J28 -> 0 | K43: =K13/K28 -> 0 | ... O43: =O13/O28 -> 0 | P43: =(P13/P28)*1000000 -> 3337.7837
C44: Touring | D44: =(D14/D29)*1000000 -> #DIV/0! | E44: =(E14/E29)*1000000 -> 0 | F44: =(F14/F29)*1000000 -> #DIV/0! | G44: =(G14/G29)*1000000 -> 40000 | H44: =(H14/H29)*1000000 -> #DIV/0! | I44: =(I14/I29)*1000000 -> #DIV/0! | J44: =(J14/J29)*1000000 -> #DIV/0! | K44: =(K14/K29)*1000000 -> 0 | ... P44: =(P14/P29)*1000000 -> 17647.059
C45: 小线XC | D45: =(D15/D30)*1000000 -> #DIV/0! | E45: =(E15/E30)*1000000 -> #DIV/0! | F45: =(F15/F30)*1000000 -> #DIV/0! | G45: =(G15/G30)*1000000 -> 0 | H45: =(H15/H30)*1000000 -> 0 | I45: =(I15/I30)*1000000 -> #DIV/0! | J45: =(J15/J30)*1000000 -> 0 | K45: =(K15/K30)*1000000 -> 0 | ... P45: =(P15/P30)*1000000 -> 8032.1285
C46: 小线Total | D46: =(D16/D32)*1000000 -> 0 | E46: =(E16/E32)*1000000 -> 0 | F46: =(F16/F32)*1000000 -> 245.51927 | G46: =(G16/G32)*1000000 -> 349.34498 | H46: =(H16/H32)*1000000 -> 231.32084 | I46: =(I16/I32)*1000000 -> 327.0646 | J46: =(J16/J32)*1000000 -> 0 | K46: =(K16/K32)*1000000 -> 151.56108 | ... O46: =(O16/O32)*1000000 -> 848.17642 | P46: =(P16/P31)*1000000 -> 2540.8348
C47: 工厂Total | D47: =(D17/D32)*1000000 -> 744.2322 | E47: =(E17/E32)*1000000 -> 672.94751 | F47: =(F17/F32)*1000000 -> 2700.712 | G47: =(G17/G32)*1000000 -> 1746.7249 | H47: =(H17/H32)*1000000 -> 1156.6042 | I47: =(I17/I32)*1000000 -> 2616.5168 | J47: =(J17/J32)*1000000 -> 2787.179 | K47: =(K17/K32)*1000000 -> 2273.4162 | ... P47: =(P17/P32)*1000000 -> 2220.3719

Sheet 2026 KPI-大小线（FQC)
C1: 2026 FQC 拒收率-大小线 | T1: 2026 FQC 拒收率-大小线（生产用）
C2: 月份 | D2: 1月 | E2: 2月 | F2: 3月 | G2: 4月 | H2: 5月 | I2: 6月 | J2: 7月 | K2: 8月 | L2: 9月 | M2: 10月 | N2: 11月 | O2: 12月 | P2: YTD | T2: 月份 | U2: 1月 | V2: 2月 | W2: 3月 | X2: 4月 | Y2: 5月 | Z2: 6月 | AA2: 7月 | AB2: 8月 | AC2: 9月 | AD2: 10月 | AE2: 11月 | AF2: 12月 | AG2: YTD
A3: Rejected Qty | B3: 大线 | C3: KID CYCLING | P3: =SUM(D3:O3) -> 0 | R3: Rejected Qty | S3: 大线 | T3: KID CYCLING | AG3: =SUM(U3:AF3) -> 0
C4: 山地ST | D4: 57 | E4: 11 | F4: 78 | G4: 153 | H4: 95 | I4: 43 | P4: =SUM(D4:O4) -> 437 | T4: 山地ST | U4: 48 | V4: 8 | W4: 75 | X4: 151 | Y4: 69 | AG4: =SUM(U4:AF4) -> 351
C5: 山地XC/AM/Race | F5: 2 | H5: 1 | I5: 2 | P5: =SUM(D5:O5) -> 5 | T5: 山地XC/AM/Race | W5: 2 | AG5: =SUM(U5:AF5) -> 2
C6: Hybrid Bike | P6: =SUM(D6:O6) -> 0 | T6: Hybrid Bike | AG6: =SUM(U6:AF6) -> 0
C7: 公路RC | P7: =SUM(D7:O7) -> 0 | T7: 公路RC | AG7: =SUM(U7:AF7) -> 0
C8: 大线GRVL | H8: 20 | I8: 3 | P8: =SUM(D8:O8) -> 23 | T8: 大线GRVL | Y8: 20 | AG8: =SUM(U8:AF8) -> 20
C9: 大线EDR | D9: 2 | E9: 0 | F9: 1 | G9: 0 | H9: 1 | P9: =SUM(D9:O9) -> 4 | T9: 大线EDR | U9: 2 | V9: 0 | W9: 1 | X9: 0 | Y9: 1 | AG9: =SUM(U9:AF9) -> 4
C10: Total | D10: =sum(D3:D9) -> 59 | E10: =sum(E3:E9) -> 11 | F10: =sum(F3:F9) -> 81 | G10: =sum(G3:G9) -> 153 | H10: =sum(H3:H9) -> 117 | I10: =sum(I3:I9) -> 48 | J10: =sum(J3:J9) -> 0 | K10: =sum(K3:K9) -> 0 | ... P10: =sum(P3:P9) -> 469 | T10: Total | U10: =sum(U3:U9) -> 50 | V10: =sum(V3:V9) -> 8 | W10: =sum(W3:W9) -> 78 | X10: =sum(X3:X9) -> 151 | Y10: =sum(Y3:Y9) -> 90 | Z10: =sum(Z3:Z9) -> 0 | AA10: =sum(AA3:AA9) -> 0 | AB10: =sum(AB3:AB9) -> 0 | ... AG10: =sum(AG3:AG9) -> 377
B11: 小线 | C11: 小线GRVL | D11: 0 | E11: 0 | P11: =SUM(D11:O11) -> 0 | S11: 小线 | T11: 小线GRVL | U11: 0 | AG11: =SUM(U11:AF11) -> 0
C12: 小线EDR | P12: =SUM(D12:O12) -> 0 | T12: 小线EDR | AG12: =SUM(U12:AF12) -> 0
C13: 小线RCR | D13: 1 | E13: 0 | F13: 2 | G13: 4 | H13: 1 | O13: 0 | P13: =SUM(D13:O13) -> 8 | T13: 小线RCR | U13: 1 | X13: 7 | Y13: 1 | AG13: =SUM(U13:AF13) -> 9
C14: Touring | D14: 0 | G14: 1 | P14: =SUM(D14:O14) -> 1 | T14: Touring | U14: 0 | X14: 1 | AG14: =SUM(U14:AF14) -> 1
C15: 小线XC | D15: 0 | P15: =SUM(D15:O15) -> 0 | T15: 小线XC | U15: 0 | AG15: =SUM(U15:AF15) -> 0
C16: Carbon Wheel | D16: 0 | E16: 0 | G16: 0 | P16: =SUM(D16:O16) -> 0 | T16: Carbon Wheel | U16: 0 | X16: 0 | AG16: =SUM(U16:AF16) -> 0
C17: Total | D17: =sum(D11:D16) -> 1 | E17: =sum(E11:E16) -> 0 | F17: =sum(F11:F16) -> 2 | G17: =sum(G11:G16) -> 5 | H17: =sum(H11:H16) -> 1 | I17: =sum(I11:I16) -> 0 | J17: =sum(J11:J16) -> 0 | K17: =sum(K11:K16) -> 0 | ... P17: =sum(P11:P16) -> 9 | T17: Total | U17: =SUM(U11:U16) -> 1 | V17: =SUM(V11:V16) -> 0 | W17: =SUM(W11:W16) -> 0 | X17: =SUM(X11:X16) -> 8 | Y17: =SUM(Y11:Y16) -> 1 | Z17: =SUM(Z11:Z16) -> 0 | AA17: =SUM(AA11:AA16) -> 0 | AB17: =SUM(AB11:AB16) -> 0 | ... AG17: =SUM(AG11:AG16) -> 10
B18: Total | C18: 工厂Total | D18: =D10+D17 -> 60 | E18: =E10+E17 -> 11 | F18: =F10+F17 -> 83 | G18: =G10+G17 -> 158 | H18: =H10+H17 -> 118 | I18: =I10+I17 -> 48 | J18: =J10+J17 -> 0 | K18: =K10+K17 -> 0 | ... P18: =P10+P17 -> 478 | S18: Total | T18: 工厂Total | U18: =sum(U3:U9,U11:U16) -> 51 | V18: =sum(V3:V9,V11:V16) -> 8 | W18: =sum(W3:W9,W11:W16) -> 78 | X18: =sum(X3:X9,X11:X16) -> 159 | Y18: =sum(Y3:Y9,Y11:Y16) -> 91 | Z18: =sum(Z3:Z9,Z11:Z16) -> 0 | AA18: =sum(AA3:AA9,AA11:AA16) -> 0 | AB18: =sum(AB3:AB9,AB11:AB16) -> 0 | ... AG18: =sum(AG3:AG9,AG11:AG16) -> 387
A19: Ship out number | B19: 大线 | C19: KID CYCLING | P19: =SUM(D19:O19) -> 0 | R19: Ship out number | S19: 大线 | T19: KID CYCLING | U19: =D19 | V19: =E19 | W19: =F19 | X19: =G19 | Y19: =H19 | Z19: =I19 | AA19: =J19 | AB19: =K19 | ... AF19: =O19 | AG19: =SUM(U19:AF19) -> 0
C20: 山地ST | D20: 8753 | E20: 5000 | F20: 11291 | G20: 13158 | H20: 9928 | I20: 6730 | P20: =SUM(D20:O20) -> 54860 | T20: 山地ST | U20: =D20 -> 8753 | V20: =E20 -> 5000 | W20: =F20 -> 11291 | X20: =G20 -> 13158 | Y20: =H20 -> 9928 | Z20: =I20 -> 6730 | AA20: =J20 | AB20: =K20 | ... AF20: =O20 | AG20: =SUM(U20:AF20) -> 54860
C21: 山地XC/AM/Race | F21: 73 | H21: 21 | I21: 28 | P21: =SUM(D21:O21) -> 122 | T21: 山地XC/AM/Race | U21: =D21 | V21: =E21 | W21: =F21 -> 73 | X21: =G21 | Y21: =H21 -> 21 | Z21: =I21 -> 28 | AA21: =J21 | AB21: =K21 | ... AF21: =O21 | AG21: =SUM(U21:AF21) -> 122
C22: Hybrid Bike | P22: =SUM(D22:O22) -> 0 | T22: Hybrid Bike | U22: =D22 | V22: =E22 | W22: =F22 | X22: =G22 | Y22: =H22 | Z22: =I22 | AA22: =J22 | AB22: =K22 | ... AF22: =O22 | AG22: =SUM(U22:AF22) -> 0
C23: 公路RC | P23: =SUM(D23:O23) -> 0 | T23: 公路RC | U23: =D23 | V23: =E23 | W23: =F23 | X23: =G23 | Y23: =H23 | Z23: =I23 | AA23: =J23 | AB23: =K23 | ... AF23: =O23 | AG23: =SUM(U23:AF23) -> 0
C24: 大线GRVL | H24: 33 | I24: 378 | P24: =SUM(D24:O24) -> 411 | T24: 大线GRVL | U24: =D24 | V24: =E24 | W24: =F24 | X24: =G24 | Y24: =H24 -> 33 | Z24: =I24 -> 378 | AA24: =J24 | AB24: =K24 | ... AF24: =O24 | AG24: =SUM(U24:AF24) -> 411
C25: 大线EDR | D25: 128 | E25: 129 | F25: 163 | G25: 109 | H25: 195 | I25: 297 | P25: =SUM(D25:O25) -> 1021 | T25: 大线EDR | U25: =D25 -> 128 | V25: =E25 -> 129 | W25: =F25 -> 163 | X25: =G25 -> 109 | Y25: =H25 -> 195 | Z25: =I25 -> 297 | AA25: =J25 | AB25: =K25 | ... AF25: =O25 | AG25: =SUM(U25:AF25) -> 1021
C26: Total | D26: =sum(D19:D25) -> 8881 | E26: =sum(E19:E25) -> 5129 | F26: =sum(F19:F25) -> 11527 | G26: =sum(G19:G25) -> 13267 | H26: =sum(H19:H25) -> 10177 | I26: =sum(I19:I25) -> 7433 | J26: =sum(J19:J25) -> 0 | K26: =sum(K19:K25) -> 0 | ... O26: =sum(O19:O25) -> 0 | P26: =sum(D26:O26) -> 56414 | T26: Total | U26: =sum(U19:U25) -> 8881 | V26: =sum(V19:V25) -> 5129 | W26: =sum(W19:W25) -> 11527 | X26: =sum(X19:X25) -> 13267 | Y26: =sum(Y19:Y25) -> 10177 | Z26: =sum(Z19:Z25) -> 7433 | AA26: =sum(AA19:AA25) -> 0 | AB26: =sum(AB19:AB25) -> 0 | ... AF26: =sum(AF19:AF25) -> 0 | AG26: =sum(U26:AF26) -> 56414
B27: 小线 | C27: 小线GRVL | D27: 6 | E27: 18 | P27: =sum(D27:O27) -> 24 | S27: 小线 | T27: 小线GRVL | U27: =D27 -> 6 | V27: =E27 -> 18 | W27: =F27 | X27: =G27 | Y27: =H27 | Z27: =I27 | AA27: =J27 | AB27: =K27 | ... AF27: =O27 | AG27: =sum(U27:AF27) -> 24
C28: 小线EDR | P28: =SUM(D28:O28) -> 0 | T28: 小线EDR | U28: =D28 | V28: =E28 | W28: =F28 | X28: =G28 | Y28: =H28 | Z28: =I28 | AA28: =J28 | AB28: =K28 | ... AF28: =O28 | AG28: =SUM(U28:AF28) -> 0
C29: 小线RCR | D29: 77 | E29: 48 | F29: 156 | G29: 196 | H29: 261 | I29: 440 | P29: =SUM(D29:O29) -> 1178 | T29: 小线RCR | U29: =D29 -> 77 | V29: =E29 -> 48 | W29: =F29 -> 156 | X29: =G29 -> 196 | Y29: =H29 -> 261 | Z29: =I29 -> 440 | AA29: =J29 | AB29: =K29 | ... AF29: =O29 | AG29: =SUM(U29:AF29) -> 1178
C30: Touring | D30: 29 | G30: 17 | P30: =SUM(D30:O30) -> 46 | T30: Touring | U30: =D30 -> 29 | V30: =E30 | W30: =F30 | X30: =G30 -> 17 | Y30: =H30 | Z30: =I30 | AA30: =J30 | AB30: =K30 | ... AF30: =O30 | AG30: =SUM(U30:AF30) -> 46
C31: 小线XC | D31: 4 | H31: 1 | P31: =SUM(D31:O31) -> 5 | T31: 小线XC | U31: =D31 -> 4 | V31: =E31 | W31: =F31 | X31: =G31 | Y31: =H31 -> 1 | Z31: =I31 | AA31: =J31 | AB31: =K31 | ... AF31: =O31 | AG31: =SUM(U31:AF31) -> 5
C32: Carbon Wheel | D32: 116 | E32: 8 | G32: 28 | H32: 126 | I32: 34 | P32: =SUM(D32:O32) -> 312 | T32: Carbon Wheel | U32: =D32 -> 116 | V32: =E32 -> 8 | W32: =F32 | X32: =G32 -> 28 | Y32: =H32 -> 126 | Z32: =I32 -> 34 | AA32: =J32 | AB32: =K32 | ... AF32: =O32 | AG32: =SUM(U32:AF32) -> 312
C33: Total | D33: =sum(D27:D32) -> 232 | E33: =sum(E27:E32) -> 74 | F33: =sum(F27:F32) -> 156 | G33: =sum(G27:G32) -> 241 | H33: =sum(H27:H32) -> 388 | I33: =sum(I27:I32) -> 474 | J33: =sum(J27:J32) -> 0 | K33: =sum(K27:K32) -> 0 | ... P33: =sum(P27:P32) -> 1565 | T33: Total | U33: =sum(U27:U32) -> 232 | V33: =sum(V27:V32) -> 74 | W33: =sum(W27:W32) -> 156 | X33: =sum(X27:X32) -> 241 | Y33: =sum(Y27:Y32) -> 388 | Z33: =sum(Z27:Z32) -> 474 | AA33: =sum(AA27:AA32) -> 0 | AB33: =sum(AB27:AB32) -> 0 | ... AG33: =sum(AG27:AG32) -> 1565
B34: Total | C34: 工厂Total | D34: =D26+D33 -> 9113 | E34: =E26+E33 -> 5203 | F34: =F26+F33 -> 11683 | G34: =G26+G33 -> 13508 | H34: =H26+H33 -> 10565 | I34: =I26+I33 -> 7907 | J34: =J26+J33 -> 0 | K34: =K26+K33 -> 0 | ... P34: =P26+P33 -> 57979 | S34: Total | T34: 工厂Total | U34: =sum(U19:U25,U27:U32) -> 9113 | V34: =sum(V19:V25,V27:V32) -> 5203 | W34: =sum(W19:W25,W27:W32) -> 11683 | X34: =sum(X19:X25,X27:X32) -> 13508 | Y34: =sum(Y19:Y25,Y27:Y32) -> 10565 | Z34: =sum(Z19:Z25,Z27:Z32) -> 7907 | AA34: =sum(AA19:AA25,AA27:AA32) -> 0 | AB34: =sum(AB19:AB25,AB27:AB32) -> 0 | ... AG34: =sum(AG19:AG25,AG27:AG32) -> 57979
A35: PPM | B35: 大线 | C35: KID CYCLING | D35: =(D3/D19)*1000000 -> #DIV/0! | E35: =(E3/E19)*1000000 -> #DIV/0! | F35: =(F3/F19)*1000000 -> #DIV/0! | G35: =(G3/G19)*1000000 -> #DIV/0! | H35: =(H3/H19)*1000000 -> #DIV/0! | I35: =(I3/I19)*1000000 -> #DIV/0! | J35: =(J3/J19)*1000000 -> #DIV/0! | K35: =(K3/K19)*1000000 -> #DIV/0! | ... P35: =(P3/P19)*1000000 -> #DIV/0! | R35: DPPM | S35: 大线 | T35: KID CYCLING | U35: =(U3/U19)*1000000 -> #DIV/0! | V35: =(V3/V19)*1000000 -> #DIV/0! | W35: =(W3/W19)*1000000 -> #DIV/0! | X35: =(X3/X19)*1000000 -> #DIV/0! | Y35: =(Y3/Y19)*1000000 -> #DIV/0! | Z35: =(Z3/Z19)*1000000 -> #DIV/0! | AA35: =(AA3/AA19)*1000000 -> #DIV/0! | AB35: =(AB3/AB19)*1000000 -> #DIV/0! | ... AG35: =(AG3/AG19)*1000000 -> #DIV/0!
C36: 山地ST | D36: =(D4/D20)*1000000 -> 6512.053 | E36: =(E4/E20)*1000000 -> 2200 | F36: =(F4/F20)*1000000 -> 6908.1569 | G36: =(G4/G20)*1000000 -> 11627.907 | H36: =(H4/H20)*1000000 -> 9568.8961 | I36: =(I4/I20)*1000000 -> 6389.3016 | J36: =(J4/J20)*1000000 -> #DIV/0! | K36: =(K4/K20)*1000000 -> #DIV/0! | ... P36: =(P4/P20)*1000000 -> 7965.731 | T36: 山地ST | U36: =(U4/U20)*1000000 -> 5483.8341 | V36: =(V4/V20)*1000000 -> 1600 | W36: =(W4/W20)*1000000 -> 6642.4586 | X36: =(X4/X20)*1000000 -> 11475.908 | Y36: =(Y4/Y20)*1000000 -> 6950.0403 | Z36: =(Z4/Z20)*1000000 -> 0 | AA36: =(AA4/AA20)*1000000 -> #DIV/0! | AB36: =(AB4/AB20)*1000000 -> #DIV/0! | ... AG36: =(AG4/AG20)*1000000 -> 6398.1043
C37: 山地XC/AM/Race | D37: =(D5/D21)*1000000 -> #DIV/0! | E37: =(E5/E21)*1000000 -> #DIV/0! | F37: =(F5/F21)*1000000 -> 27397.26 | G37: =(G5/G21)*1000000 -> #DIV/0! | H37: =(H5/H21)*1000000 -> 47619.048 | I37: =(I5/I21)*1000000 -> 71428.571 | J37: =(J5/J21)*1000000 -> #DIV/0! | K37: =(K5/K21)*1000000 -> #DIV/0! | ... P37: =(P5/P21)*1000000 -> 40983.607 | T37: 山地XC/AM/Race | U37: =(U5/U21)*1000000 -> #DIV/0! | V37: =(V5/V21)*1000000 -> #DIV/0! | W37: =(W5/W21)*1000000 -> 27397.26 | X37: =(X5/X21)*1000000 -> #DIV/0! | Y37: =(Y5/Y21)*1000000 -> 0 | Z37: =(Z5/Z21)*1000000 -> 0 | AA37: =(AA5/AA21)*1000000 -> #DIV/0! | AB37: =(AB5/AB21)*1000000 -> #DIV/0! | ... AG37: =(AG5/AG21)*1000000 -> 16393.443
C38: Hybrid Bike | D38: =(D6/D22)*1000000 -> #DIV/0! | E38: =(E6/E22)*1000000 -> #DIV/0! | F38: =(F6/F22)*1000000 -> #DIV/0! | G38: =(G6/G22)*1000000 -> #DIV/0! | H38: =(H6/H22)*1000000 -> #DIV/0! | I38: =(I6/I22)*1000000 -> #DIV/0! | J38: =(J6/J22)*1000000 -> #DIV/0! | K38: =(K6/K22)*1000000 -> #DIV/0! | ... P38: =(P6/P22)*1000000 -> #DIV/0! | T38: Hybrid Bike | U38: =(U6/U22)*1000000 -> #DIV/0! | V38: =(V6/V22)*1000000 -> #DIV/0! | W38: =(W6/W22)*1000000 -> #DIV/0! | X38: =(X6/X22)*1000000 -> #DIV/0! | Y38: =(Y6/Y22)*1000000 -> #DIV/0! | Z38: =(Z6/Z22)*1000000 -> #DIV/0! | AA38: =(AA6/AA22)*1000000 -> #DIV/0! | AB38: =(AB6/AB22)*1000000 -> #DIV/0! | ... AG38: =(AG6/AG22)*1000000 -> #DIV/0!
C39: 公路RC | D39: =(D7/D23)*1000000 -> #DIV/0! | E39: =(E7/E23)*1000000 -> #DIV/0! | F39: =(F7/F23)*1000000 -> #DIV/0! | G39: =(G7/G23)*1000000 -> #DIV/0! | H39: =(H7/H23)*1000000 -> #DIV/0! | I39: =(I7/I23)*1000000 -> #DIV/0! | J39: =(J7/J23)*1000000 -> #DIV/0! | K39: =(K7/K23)*1000000 -> #DIV/0! | ... P39: =(P7/P23)*1000000 -> #DIV/0! | T39: 公路RC | U39: =(U7/U23)*1000000 -> #DIV/0! | V39: =(V7/V23)*1000000 -> #DIV/0! | W39: =(W7/W23)*1000000 -> #DIV/0! | X39: =(X7/X23)*1000000 -> #DIV/0! | Y39: =(Y7/Y23)*1000000 -> #DIV/0! | Z39: =(Z7/Z23)*1000000 -> #DIV/0! | AA39: =(AA7/AA23)*1000000 -> #DIV/0! | AB39: =(AB7/AB23)*1000000 -> #DIV/0! | ... AG39: =(AG7/AG23)*1000000 -> #DIV/0!
C40: 大线GRVL | D40: =(D8/D24)*1000000 -> #DIV/0! | E40: =(E8/E24)*1000000 -> #DIV/0! | F40: =(F8/F24)*1000000 -> #DIV/0! | G40: =(G8/G24)*1000000 -> #DIV/0! | H40: =(H8/H24)*1000000 -> 606060.61 | I40: =(I8/I24)*1000000 -> 7936.5079 | J40: =(J8/J24)*1000000 -> #DIV/0! | K40: =(K8/K24)*1000000 -> #DIV/0! | ... P40: =(P8/P24)*1000000 -> 55961.071 | T40: 大线GRVL | U40: =(U8/U24)*1000000 -> #DIV/0! | V40: =(V8/V24)*1000000 -> #DIV/0! | W40: =(W8/W24)*1000000 -> #DIV/0! | X40: =(X8/X24)*1000000 -> #DIV/0! | Y40: =(Y8/Y24)*1000000 -> 606060.61 | Z40: =(Z8/Z24)*1000000 -> 0 | AA40: =(AA8/AA24)*1000000 -> #DIV/0! | AB40: =(AB8/AB24)*1000000 -> #DIV/0! | ... AG40: =(AG8/AG24)*1000000 -> 48661.8
C41: 大线EDR | D41: =(D9/D25)*1000000 -> 15625 | E41: =(E9/E25)*1000000 -> 0 | F41: =(F9/F25)*1000000 -> 6134.9693 | G41: =(G9/G25)*1000000 -> 0 | H41: =(H9/H25)*1000000 -> 5128.2051 | I41: =(I9/I25)*1000000 -> 0 | J41: =(J9/J25)*1000000 -> #DIV/0! | K41: =(K9/K25)*1000000 -> #DIV/0! | ... P41: =(P9/P25)*1000000 -> 3917.7277 | T41: 大线EDR | U41: =(U9/U25)*1000000 -> 15625 | V41: =(V9/V25)*1000000 -> 0 | W41: =(W9/W25)*1000000 -> 6134.9693 | X41: =(X9/X25)*1000000 -> 0 | Y41: =(Y9/Y25)*1000000 -> 5128.2051 | Z41: =(Z9/Z25)*1000000 -> 0 | AA41: =(AA9/AA25)*1000000 -> #DIV/0! | AB41: =(AB9/AB25)*1000000 -> #DIV/0! | ... AG41: =(AG9/AG25)*1000000 -> 3917.7277
C42: 大线Total | D42: =(D10/D26)*1000000 -> 6643.396 | E42: =(E10/E26)*1000000 -> 2144.6676 | F42: =(F10/F26)*1000000 -> 7026.9801 | G42: =(G10/G26)*1000000 -> 11532.374 | H42: =(H10/H26)*1000000 -> 11496.512 | I42: =(I10/I26)*1000000 -> 6457.6887 | J42: =(J10/J26)*1000000 -> #DIV/0! | K42: =(K10/K26)*1000000 -> #DIV/0! | ... P42: =(P10/P26)*1000000 -> 8313.5392 | T42: 大线Total | U42: =(U10/U26)*1000000 -> 5629.9966 | V42: =(V10/V26)*1000000 -> 1559.7582 | W42: =(W10/W26)*1000000 -> 6766.7216 | X42: =(X10/X26)*1000000 -> 11381.624 | Y42: =(Y10/Y26)*1000000 -> 8843.4706 | Z42: =(Z10/Z26)*1000000 -> 0 | AA42: =(AA10/AA26)*1000000 -> #DIV/0! | AB42: =(AB10/AB26)*1000000 -> #DIV/0! | ... AG42: =(AG10/AG26)*1000000 -> 6682.7383
B43: 小线 | C43: 小线GRVL | D43: =(D11/D27)*1000000 -> 0 | E43: =(E11/E27)*1000000 -> 0 | F43: =(F11/F27)*1000000 -> #DIV/0! | G43: =(G11/G27)*1000000 -> #DIV/0! | H43: =(H11/H27)*1000000 -> #DIV/0! | I43: =(I11/I27)*1000000 -> #DIV/0! | J43: =(J11/J27)*1000000 -> #DIV/0! | K43: =(K11/K27)*1000000 -> #DIV/0! | ... P43: =(P11/P27)*1000000 -> 0 | S43: 小线 | T43: 小线GRVL | U43: =(U11/U27)*1000000 -> 0 | V43: =(V11/V27)*1000000 -> 0 | W43: =(W11/W27)*1000000 -> #DIV/0! | X43: =(X11/X27)*1000000 -> #DIV/0! | Y43: =(Y11/Y27)*1000000 -> #DIV/0! | Z43: =(Z11/Z27)*1000000 -> #DIV/0! | AA43: =(AA11/AA27)*1000000 -> #DIV/0! | AB43: =(AB11/AB27)*1000000 -> #DIV/0! | ... AG43: =(AG11/AG27)*1000000 -> 0
C44: 小线EDR | D44: =(D12/D28)*1000000 -> #DIV/0! | E44: =(E12/E28)*1000000 -> #DIV/0! | F44: =(F12/F28)*1000000 -> #DIV/0! | G44: =(G12/G28)*1000000 -> #DIV/0! | H44: =(H12/H28)*1000000 -> #DIV/0! | I44: =(I12/I28)*1000000 -> #DIV/0! | J44: =(J12/J28)*1000000 -> #DIV/0! | K44: =(K12/K28)*1000000 -> #DIV/0! | ... P44: =(P12/P28)*1000000 -> #DIV/0! | T44: 小线EDR | U44: =(U12/U28)*1000000 -> #DIV/0! | V44: =(V12/V28)*1000000 -> #DIV/0! | W44: =(W12/W28)*1000000 -> #DIV/0! | X44: =(X12/X28)*1000000 -> #DIV/0! | Y44: =(Y12/Y28)*1000000 -> #DIV/0! | Z44: =(Z12/Z28)*1000000 -> #DIV/0! | AA44: =(AA12/AA28)*1000000 -> #DIV/0! | AB44: =(AB12/AB28)*1000000 -> #DIV/0! | ... AG44: =(AG12/AG28)*1000000 -> #DIV/0!
C45: 小线RCR | D45: =(D13/D29)*1000000 -> 12987.013 | E45: =(E13/E29)*1000000 -> 0 | F45: =(F13/F29)*1000000 -> 12820.513 | G45: =(G13/G29)*1000000 -> 20408.163 | H45: =(H13/H29)*1000000 -> 3831.4176 | I45: =(I13/I29)*1000000 -> 0 | J45: =(J13/J29)*1000000 -> #DIV/0! | K45: =(K13/K29)*1000000 -> #DIV/0! | ... P45: =(P13/P29)*1000000 -> 6791.1715 | T45: 小线RCR | U45: =(U13/U29)*1000000 -> 12987.013 | V45: =(V13/V29)*1000000 -> 0 | W45: =(W13/W29)*1000000 -> 0 | X45: =(X13/X29)*1000000 -> 35714.286 | Y45: =(Y13/Y29)*1000000 -> 3831.4176 | Z45: =(Z13/Z29)*1000000 -> 0 | AA45: =(AA13/AA29)*1000000 -> #DIV/0! | AB45: =(AB13/AB29)*1000000 -> #DIV/0! | ... AG45: =(AG13/AG29)*1000000 -> 7640.0679
C46: Touring | D46: =(D14/D30)*1000000 -> 0 | E46: =(E14/E30)*1000000 -> #DIV/0! | F46: =(F14/F30)*1000000 -> #DIV/0! | G46: =(G14/G30)*1000000 -> 58823.529 | H46: =(H14/H30)*1000000 -> #DIV/0! | I46: =(I14/I30)*1000000 -> #DIV/0! | J46: =(J14/J30)*1000000 -> #DIV/0! | K46: =(K14/K30)*1000000 -> #DIV/0! | ... P46: =(P14/P30)*1000000 -> 21739.13 | T46: Touring | U46: =(U14/U30)*1000000 -> 0 | V46: =(V14/V30)*1000000 -> #DIV/0! | W46: =(W14/W30)*1000000 -> #DIV/0! | X46: =(X14/X30)*1000000 -> 58823.529 | Y46: =(Y14/Y30)*1000000 -> #DIV/0! | Z46: =(Z14/Z30)*1000000 -> #DIV/0! | AA46: =(AA14/AA30)*1000000 -> #DIV/0! | AB46: =(AB14/AB30)*1000000 -> #DIV/0! | ... AG46: =(AG14/AG30)*1000000 -> 21739.13
C47: 小线XC | D47: =(D15/D31)*1000000 -> 0 | E47: =(E15/E31)*1000000 -> #DIV/0! | F47: =(F15/F31)*1000000 -> #DIV/0! | G47: =(G15/G31)*1000000 -> #DIV/0! | H47: =(H15/H31)*1000000 -> 0 | I47: =(I15/I31)*1000000 -> #DIV/0! | J47: =(J15/J31)*1000000 -> #DIV/0! | K47: =(K15/K31)*1000000 -> #DIV/0! | ... P47: =(P15/P31)*1000000 -> 0 | T47: 小线XC | U47: =(U15/U31)*1000000 -> 0 | V47: =(V15/V31)*1000000 -> #DIV/0! | W47: =(W15/W31)*1000000 -> #DIV/0! | X47: =(X15/X31)*1000000 -> #DIV/0! | Y47: =(Y15/Y31)*1000000 -> 0 | Z47: =(Z15/Z31)*1000000 -> #DIV/0! | AA47: =(AA15/AA31)*1000000 -> #DIV/0! | AB47: =(AB15/AB31)*1000000 -> #DIV/0! | ... AG47: =(AG15/AG31)*1000000 -> 0
C48: Carbon Wheel | D48: =(D16/D32)*1000000 -> 0 | E48: =(E16/E32)*1000000 -> 0 | F48: =(F16/F32)*1000000 -> #DIV/0! | G48: =(G16/G32)*1000000 -> 0 | H48: =(H16/H32)*1000000 -> 0 | I48: =(I16/I32)*1000000 -> 0 | J48: =(J16/J32)*1000000 -> #DIV/0! | K48: =(K16/K32)*1000000 -> #DIV/0! | ... P48: =(P16/P32)*1000000 -> 0 | T48: Carbon Wheel | U48: =(U16/U32)*1000000 -> 0 | V48: =(V16/V32)*1000000 -> 0 | W48: =(W16/W32)*1000000 -> #DIV/0! | X48: =(X16/X32)*1000000 -> 0 | Y48: =(Y16/Y32)*1000000 -> 0 | Z48: =(Z16/Z32)*1000000 -> 0 | AA48: =(AA16/AA32)*1000000 -> #DIV/0! | AB48: =(AB16/AB32)*1000000 -> #DIV/0! | ... AG48: =(AG16/AG32)*1000000 -> 0
C49: 小线Total | D49: =(D17/D33)*1000000 -> 4310.3448 | E49: =(E17/E33)*1000000 -> 0 | F49: =(F17/F33)*1000000 -> 12820.513 | G49: =(G17/G33)*1000000 -> 20746.888 | H49: =(H17/H33)*1000000 -> 2577.3196 | I49: =(I17/I33)*1000000 -> 0 | J49: =(J17/J33)*1000000 -> #DIV/0! | K49: =(K17/K33)*1000000 -> #DIV/0! | ... P49: =(P17/P33)*1000000 -> 5750.7987 | T49: 小线Total | U49: =(U17/U33)*1000000 -> 4310.3448 | V49: =(V17/V33)*1000000 -> 0 | W49: =(W17/W33)*1000000 -> 0 | X49: =(X17/X33)*1000000 -> 33195.021 | Y49: =(Y17/Y33)*1000000 -> 2577.3196 | Z49: =(Z17/Z33)*1000000 -> 0 | AA49: =(AA17/AA33)*1000000 -> #DIV/0! | AB49: =(AB17/AB33)*1000000 -> #DIV/0! | ... AG49: =(AG17/AG33)*1000000 -> 6389.7764
B50: Total | C50: 工厂Total PPM | D50: =(D18/D34)*1000000 -> 6584.0009 | E50: =(E18/E34)*1000000 -> 2114.1649 | F50: =(F18/F34)*1000000 -> 7104.3396 | G50: =(G18/G34)*1000000 -> 11696.772 | H50: =(H18/H34)*1000000 -> 11168.954 | I50: =(I18/I34)*1000000 -> 6070.5704 | J50: =(J18/J34)*1000000 -> #DIV/0! | K50: =(K18/K34)*1000000 -> #DIV/0! | ... P50: =(P18/P34)*1000000 -> 8244.3643 | S50: Total | T50: 工厂Total PPM | U50: =(U18/U34)*1000000 -> 5596.4007 | V50: =(V18/V34)*1000000 -> 1537.5745 | W50: =(W18/W34)*1000000 -> 6676.3674 | X50: =(X18/X34)*1000000 -> 11770.802 | Y50: =(Y18/Y34)*1000000 -> 8613.346 | Z50: =(Z18/Z34)*1000000 -> 0 | AA50: =(AA18/AA34)*1000000 -> #DIV/0! | AB50: =(AB18/AB34)*1000000 -> #DIV/0! | ... AG50: =(AG18/AG34)*1000000 -> 6674.8305
A51: FQC Rejected Rate ( Quantity) | B51: 大线 | C51: 大线不良率 | D51: =D10/D26 -> 0.006643396 | E51: =E10/E26 -> 0.0021446676 | F51: =F10/F26 -> 0.0070269801 | G51: =G10/G26 -> 0.011532374 | H51: =H10/H26 -> 0.011496512 | I51: =I10/I26 -> 0.0064576887 | J51: =J10/J26 -> #DIV/0! | K51: =K10/K26 -> #DIV/0! | ... P51: =P10/P26 -> 0.0083135392 | R51: FQC Rejected Rate ( Quantity) | S51: 大线 | T51: 大线不良率 | U51: =U10/U26 -> 0.0056299966 | V51: =V10/V26 -> 0.0015597582 | W51: =W10/W26 -> 0.0067667216 | X51: =X10/X26 -> 0.011381624 | Y51: =Y10/Y26 -> 0.0088434706 | Z51: =Z10/Z26 -> 0 | AA51: =AA10/AA26 -> #DIV/0! | AB51: =AB10/AB26 -> #DIV/0! | ... AG51: =AG10/AG26 -> 0.0066827383
B52: 小线 | C52: 小线不良率 | D52: =D17/D33 -> 0.0043103448 | E52: =E17/E33 -> 0 | F52: =F17/F33 -> 0.012820513 | G52: =G17/G33 -> 0.020746888 | H52: =H17/H33 -> 0.0025773196 | I52: =I17/I33 -> 0 | J52: =J17/J33 -> #DIV/0! | K52: =K17/K33 -> #DIV/0! | ... P52: =P17/P33 -> 0.0057507987 | S52: 小线 | T52: 小线不良率 | U52: =U17/U33 -> 0.0043103448 | V52: =V17/V33 -> 0 | W52: =W17/W33 -> 0 | X52: =X17/X33 -> 0.033195021 | Y52: =Y17/Y33 -> 0.0025773196 | Z52: =Z17/Z33 -> 0 | AA52: =AA17/AA33 -> #DIV/0! | AB52: =AB17/AB33 -> #DIV/0! | ... AG52: =AG17/AG33 -> 0.0063897764
B53: 工厂Total | C53: 不良率 | D53: =D18/D34 -> 0.0065840009 | E53: =E18/E34 -> 0.0021141649 | F53: =F18/F34 -> 0.0071043396 | G53: =G18/G34 -> 0.011696772 | H53: =H18/H34 -> 0.011168954 | I53: =I18/I34 -> 0.0060705704 | J53: =J18/J34 -> #DIV/0! | K53: =K18/K34 -> #DIV/0! | ... P53: =P18/P34 -> 0.0082443643 | S53: 工厂Total | T53: 不良率 | U53: =U18/U34 -> 0.0055964007 | V53: =V18/V34 -> 0.0015375745 | W53: =W18/W34 -> 0.0066763674 | X53: =X18/X34 -> 0.011770802 | Y53: =Y18/Y34 -> 0.008613346 | Z53: =Z18/Z34 -> 0 | AA53: =AA18/AA34 -> #DIV/0! | AB53: =AB18/AB34 -> #DIV/0! | ... AG53: =AG18/AG34 -> 0.0066748305
A54: FQC Rejected Rate ( batch) | B54: 大线 | C54: Rejected Qty | D54: 1 | E54: 0 | F54: 1 | G54: 1 | H54: 4 | I54: 1 | P54: =sum(D54:O54) -> 8 | R54: FQC Rejected Rate ( batch) | S54: 大线 | T54: Rejected Qty | U54: 2 | V54: 0 | W54: 1 | AG54: =sum(U54:AF54) -> 3
C55: ship out number | D55: 34 | E55: 9 | F55: 37 | G55: 40 | H55: 35 | I55: 40 | P55: =sum(D55:O55) -> 195 | T55: ship out number | U55: =D55 -> 34 | V55: =E55 -> 9 | W55: =F55 -> 37 | X55: =G55 -> 40 | Y55: =H55 -> 35 | Z55: =I55 -> 40 | AA55: =J55 | AB55: =K55 | ... AF55: =O55 | AG55: =sum(U55:AF55) -> 195
C56: Rejected Rate | D56: =D54/D55 -> 0.029411765 | E56: =E54/E55 -> 0 | F56: =F54/F55 -> 0.027027027 | G56: =G54/G55 -> 0.025 | H56: =H54/H55 -> 0.11428571 | I56: =I54/I55 -> 0.025 | J56: =J54/J55 -> #DIV/0! | K56: =K54/K55 -> #DIV/0! | ... P56: =P54/P55 -> 0.041025641 | T56: Rejected Rate | U56: =U54/U55 -> 0.058823529 | V56: =V54/V55 -> 0 | W56: =W54/W55 -> 0.027027027 | X56: =X54/X55 -> 0 | Y56: =Y54/Y55 -> 0 | Z56: =Z54/Z55 -> 0 | AA56: =AA54/AA55 -> #DIV/0! | AB56: =AB54/AB55 -> #DIV/0! | ... AF56: =AF54/AF55 -> #DIV/0! | AG56: =AG54/AG55*1000000 -> 15384.615
B57: 小线 | C57: Rejected Qty | D57: 0 | E57: 0 | F57: 0 | G57: 1 | H57: 0 | I57: 0 | P57: =SUM(D57:O57) -> 1 | S57: 小线 | T57: Rejected Qty | U57: 1 | V57: 0 | W57: 0 | AG57: =SUM(U57:AF57) -> 1
C58: ship out number | D58: 16 | E58: 19 | F58: 11 | G58: 22 | H58: 19 | I58: 15 | P58: =SUM(D58:O58) -> 102 | T58: ship out number | U58: =D58 -> 16 | V58: =E58 -> 19 | W58: =F58 -> 11 | X58: =G58 -> 22 | Y58: =H58 -> 19 | Z58: =I58 -> 15 | AA58: =J58 | AB58: =K58 | ... AF58: =O58 | AG58: =SUM(U58:AF58) -> 102
C59: Rejected Rate | D59: =D57/D58 -> 0 | E59: =E57/E58 -> 0 | F59: =F57/F58 -> 0 | G59: =G57/G58 -> 0.045454545 | H59: =H57/H58 -> 0 | I59: =I57/I58 -> 0 | J59: =J57/J58 -> #DIV/0! | K59: =K57/K58 -> #DIV/0! | ... P59: =P57/P58 -> 0.0098039216 | T59: Rejected Rate | U59: =U57/U58 -> 0.0625 | V59: =V57/V58 -> 0 | W59: =W57/W58 -> 0 | X59: =X57/X58 -> 0 | Y59: =Y57/Y58 -> 0 | Z59: =Z57/Z58 -> 0 | AA59: =AA57/AA58 -> #DIV/0! | AB59: =AB57/AB58 -> #DIV/0! | ... AG59: =AG57/AG58 -> 0.0098039216
B60: Total | C60: Rejected Qty | D60: =SUM(D54,D57) -> 1 | E60: =SUM(E54,E57) -> 0 | F60: =SUM(F54,F57) -> 1 | G60: =SUM(G54,G57) -> 2 | H60: =SUM(H54,H57) -> 4 | I60: =SUM(I54,I57) -> 1 | J60: =SUM(J54,J57) -> 0 | K60: =SUM(K54,K57) -> 0 | ... O60: =SUM(O54,O57) -> 0 | P60: =SUM(D60:O60) -> 9 | S60: Total | T60: Rejected Qty | U60: =SUM(U54,U57) -> 3 | V60: =SUM(V54,V57) -> 0 | W60: =SUM(W54,W57) -> 1 | X60: =SUM(X54,X57) -> 0 | Y60: =SUM(Y54,Y57) -> 0 | Z60: =SUM(Z54,Z57) -> 0 | AA60: =SUM(AA54,AA57) -> 0 | AB60: =SUM(AB54,AB57) -> 0 | ... AF60: =SUM(AF54,AF57) -> 0 | AG60: =SUM(U60:AF60) -> 4
C61: ship out number | D61: =SUM(D55,D58) -> 50 | E61: =SUM(E55,E58) -> 28 | F61: =SUM(F55,F58) -> 48 | G61: =SUM(G55,G58) -> 62 | H61: =SUM(H55,H58) -> 54 | I61: =SUM(I55,I58) -> 55 | J61: =SUM(J55,J58) -> 0 | K61: =SUM(K55,K58) -> 0 | ... O61: =SUM(O55,O58) -> 0 | P61: =SUM(D61:O61) -> 297 | T61: ship out number | U61: =SUM(U55,U58) -> 50 | V61: =SUM(V55,V58) -> 28 | W61: =SUM(W55,W58) -> 48 | X61: =SUM(X55,X58) -> 62 | Y61: =SUM(Y55,Y58) -> 54 | Z61: =SUM(Z55,Z58) -> 55 | AA61: =SUM(AA55,AA58) -> 0 | AB61: =SUM(AB55,AB58) -> 0 | ... AF61: =SUM(AF55,AF58) -> 0 | AG61: =SUM(U61:AF61) -> 297
C62: Rejected Rate | D62: =D60/D61 -> 0.02 | E62: =E60/E61 -> 0 | F62: =F60/F61 -> 0.020833333 | G62: =G60/G61 -> 0.032258065 | H62: =H60/H61 -> 0.074074074 | I62: =I60/I61 -> 0.018181818 | J62: =J60/J61 -> #DIV/0! | K62: =K60/K61 -> #DIV/0! | ... P62: =P60/P61 -> 0.03030303 | T62: Rejected Rate | U62: =U60/U61 -> 0.06 | V62: =V60/V61 -> 0 | W62: =W60/W61 -> 0.020833333 | X62: =X60/X61 -> 0 | Y62: =Y60/Y61 -> 0 | Z62: =Z60/Z61 -> 0 | AA62: =AA60/AA61 -> #DIV/0! | AB62: =AB60/AB61 -> #DIV/0! | ... AG62: =AG60/AG61 -> 0.013468013
A63: FQC Rejected Times | B63: 大线 | C63: Rejected Qty | D63: =D54 -> 1 | E63: =E54 -> 0 | F63: =F54 -> 1 | G63: =G54 -> 1 | H63: =H54 -> 4 | I63: =I54 -> 1 | J63: =J54 | K63: =K54 | ... O63: =O54 | P63: =SUM(D63:O63) -> 8 | R63: FQC Rejected Times | S63: 大线 | T63: Rejected Qty | U63: =U54 -> 2 | V63: =V54 -> 0 | W63: =W54 -> 1 | X63: =X54 | Y63: =Y54 | Z63: =Z54 | AA63: =AA54 | AB63: =AB54 | ... AF63: =AF54
C64: Months | D64: 1 | E64: 2 | F64: 3 | G64: 4 | H64: 5 | I64: 6 | P64: 9 | T64: Months | U64: 1 | V64: 2 | W64: 3 | X64: 4 | Y64: 5 | Z64: 6 | AA64: 7 | AB64: 8 | AC64: 9 | AD64: 10 | AE64: 11 | AF64: 12
C65: Monthly times | D65: =D63/D64 -> 1 | E65: =SUM(D63:E63)/E64 -> 0.5 | F65: =SUM(D63:F63)/F64 -> 0.66666667 | G65: =SUM(D63:G63)/G64 -> 0.75 | H65: =SUM(D63:H63)/H64 -> 1.4 | I65: =SUM(D63:I63)/I64 -> 1.3333333 | J65: =SUM(D63:J63)/J64 -> #DIV/0! | K65: =SUM(D63:K63)/K64 -> #DIV/0! | L65: =SUM(D63:L63)/L64 -> #DIV/0! | M65: =SUM(D63:M63)/M64 -> #DIV/0! | N65: =SUM(D63:N63)/N64 -> #DIV/0! | O65: =SUM(D63:O63)/O64 -> #DIV/0! | P65: =P63/P64 -> 0.88888889 | T65: Monthly times | U65: =U63/U64 -> 2 | V65: =SUM(U63:V63)/V64 -> 1 | W65: =SUM(U63:W63)/W64 -> 1 | X65: =SUM(U63:X63)/X64 -> 0.75 | Y65: =SUM(U63:Y63)/Y64 -> 0.6 | Z65: =SUM(U63:Z63)/Z64 -> 0.5 | AA65: =SUM(U63:AA63)/AA64 -> 0.42857143 | AB65: =SUM(U63:AB63)/AB64 -> 0.375 | AC65: =SUM(U63:AC63)/AC64 -> 0.33333333 | AD65: =SUM(U63:AD63)/AD64 -> 0.3 | AE65: =SUM(U63:AE63)/AE64 -> 0.27272727 | AF65: =SUM(U63:AF63)/AF64 -> 0.25
B66: 小线 | C66: Rejected Qty | D66: =D57 -> 0 | E66: =E57 -> 0 | F66: =F57 -> 0 | G66: =G57 -> 1 | H66: =H57 -> 0 | I66: =I57 -> 0 | J66: =J57 | K66: =K57 | ... O66: =O57 | P66: =SUM(D66:O66)/3 -> 0.33333333 | S66: 小线 | T66: Rejected Qty | U66: =U57 -> 1 | V66: =V57 -> 0 | W66: =W57 -> 0 | X66: =X57 | Y66: =Y57 | Z66: =Z57 | AA66: =AA57 | AB66: =AB57 | ... AF66: =AF57
C67: Months | D67: 1 | E67: 2 | F67: 3 | G67: 4 | H67: 5 | I67: 6 | P67: 9 | T67: Months | U67: 1 | V67: 2 | W67: 3 | X67: 4 | Y67: 5 | Z67: 6 | AA67: 7 | AB67: 8 | AC67: 9 | AD67: 10 | AE67: 11 | AF67: 12
C68: Monthly times | D68: =D66/D67 -> 0 | E68: =SUM(D66:E66)/E67 -> 0 | F68: =SUM(D66:F66)/F67 -> 0 | G68: =SUM(D66:G66)/G67 -> 0.25 | H68: =SUM(D66:H66)/H67 -> 0.2 | I68: =SUM(D66:I66)/I67 -> 0.16666667 | J68: =SUM(D66:J66)/J67 -> #DIV/0! | K68: =SUM(D66:K66)/K67 -> #DIV/0! | L68: =SUM(D66:L66)/L67 -> #DIV/0! | M68: =SUM(D66:M66)/M67 -> #DIV/0! | N68: =SUM(D66:N66)/N67 -> #DIV/0! | O68: =SUM(D66:O66)/O67 -> #DIV/0! | P68: =P66/P67 -> 0.037037037 | T68: Monthly times | U68: =U66/U67 -> 1 | V68: =SUM(U66:V66)/V67 -> 0.5 | W68: =SUM(U66:W66)/W67 -> 0.33333333 | X68: =SUM(U66:X66)/X67 -> 0.25 | Y68: =SUM(U66:Y66)/Y67 -> 0.2 | Z68: =SUM(U66:Z66)/Z67 -> 0.16666667 | AA68: =SUM(U66:AA66)/AA67 -> 0.14285714 | AB68: =SUM(U66:AB66)/AB67 -> 0.125 | AC68: =SUM(U66:AC66)/AC67 -> 0.11111111 | AD68: =SUM(U66:AD66)/AD67 -> 0.1 | AE68: =SUM(U66:AE66)/AE67 -> 0.090909091 | AF68: =SUM(U66:AF66)/AF67 -> 0.083333333
B69: 工厂 Total | C69: Rejected Qty | D69: =SUM(D63,D66) -> 1 | E69: =SUM(E63,E66) -> 0 | F69: =SUM(F63,F66) -> 1 | G69: =SUM(G63,G66) -> 2 | H69: =SUM(H63,H66) -> 4 | I69: =SUM(I63,I66) -> 1 | J69: =SUM(J63,J66) -> 0 | K69: =SUM(K63,K66) -> 0 | ... O69: =SUM(O63,O66) -> 0 | P69: =SUM(D69:O69) -> 9 | S69: 生产 Total | T69: Rejected Qty | U69: =SUM(U63,U66) -> 3 | V69: =SUM(V63,V66) -> 0 | W69: =SUM(W63,W66) -> 1 | X69: =SUM(X63,X66) -> 0 | Y69: =SUM(Y63,Y66) -> 0 | Z69: =SUM(Z63,Z66) -> 0 | AA69: =SUM(AA63,AA66) -> 0 | AB69: =SUM(AB63,AB66) -> 0 | ... AF69: =SUM(AF63,AF66) -> 0
C70: Months | D70: 1 | E70: 2 | F70: 3 | G70: 4 | H70: 5 | I70: 6 | P70: 12 | T70: Months | U70: 1 | V70: 2 | W70: 3 | X70: 4 | Y70: 5 | Z70: 6 | AA70: 7 | AB70: 8 | AC70: 9 | AD70: 10 | AE70: 11 | AF70: 12
C71: Monthly times | D71: =D69/D70 -> 1 | E71: =SUM(D69:E69)/E70 -> 0.5 | F71: =SUM(D69:F69)/F70 -> 0.66666667 | G71: =SUM(D69:G69)/G70 -> 1 | H71: =SUM(D69:H69)/H70 -> 1.6 | I71: =SUM(D69:I69)/I70 -> 1.5 | J71: =SUM(D69:J69)/J70 -> #DIV/0! | K71: =SUM(D69:K69)/K70 -> #DIV/0! | L71: =SUM(D69:L69)/L70 -> #DIV/0! | M71: =SUM(D69:M69)/M70 -> #DIV/0! | N71: =SUM(D69:N69)/N70 -> #DIV/0! | O71: =SUM(D69:O69)/O70 -> #DIV/0! | P71: =P69/P70 -> 0.75 | T71: Monthly times | U71: =U69/U70 -> 3 | V71: =SUM(U69:V69)/V70 -> 1.5 | W71: =SUM(U69:W69)/W70 -> 1.3333333 | X71: =SUM(U69:X69)/X70 -> 1 | Y71: =SUM(U69:Y69)/Y70 -> 0.8 | Z71: =SUM(U69:Z69)/Z70 -> 0.66666667 | AA71: =SUM(U69:AA69)/AA70 -> 0.57142857 | AB71: =SUM(U69:AB69)/AB70 -> 0.5 | AC71: =SUM(U69:AC69)/AC70 -> 0.44444444 | AD71: =SUM(U69:AD69)/AD70 -> 0.4 | AE71: =SUM(U69:AE69)/AE70 -> 0.36363636 | AF71: =SUM(U69:AF69)/AF70 -> 0.33333333
A72: FQC Rejected Times（与FQCKPI版本一致） | B72: 大线 | C72: Rejected Qty | D72: =D63 -> 1 | E72: =E63 -> 0 | F72: =F63 -> 1 | G72: =G63 -> 1 | H72: =H63 -> 4 | I72: =I63 -> 1 | J72: =J63 | K72: =K63 | ... O72: =O63 | P72: =SUM(D72:O72) -> 8
C73: Months | D73: 1 | E73: 2 | F73: 3 | G73: 4 | H73: 5 | I73: 6 | J73: 7 | K73: 8 | L73: 9 | M73: 10 | N73: 11 | O73: 12 | P73: 9
C74: Monthly times | D74: =D72/D73 -> 1 | E74: =SUM(D72:E72)/E73 -> 0.5 | F74: =SUM(D72:F72)/F73 -> 0.66666667 | G74: =SUM(D72:G72)/G73 -> 0.75 | H74: =SUM(D72:H72)/H73 -> 1.4 | I74: =SUM(D72:I72)/I73 -> 1.3333333 | J74: =SUM(D72:J72)/J73 -> 1.1428571 | K74: =SUM(D72:K72)/K73 -> 1 | L74: =SUM(D72:L72)/L73 -> 0.88888889 | M74: =SUM(D72:M72)/M73 -> 0.8 | N74: =SUM(D72:N72)/N73 -> 0.72727273 | O74: =SUM(D72:O72)/O73 -> 0.66666667 | P74: =P72/P73 -> 0.88888889
B75: 小线 | C75: Rejected Qty | D75: =D66 -> 0 | E75: =E66 -> 0 | F75: =F66 -> 0 | G75: =G66 -> 1 | H75: =H66 -> 0 | I75: =I66 -> 0 | J75: =J66 | K75: =K66 | ... O75: =O66 | P75: =SUM(D75:O75)/3 -> 0.33333333
C76: Months | D76: 1 | E76: 2 | F76: 3 | G76: 4 | H76: 5 | I76: 6 | J76: 7 | K76: 8 | L76: 9 | M76: 10 | N76: 11 | O76: 12 | P76: 9
C77: Monthly times | D77: =D75/D76 -> 0 | E77: =SUM(D75:E75)/E76 -> 0 | F77: =SUM(D75:F75)/F76 -> 0 | G77: =SUM(D75:G75)/G76 -> 0.25 | H77: =SUM(D75:H75)/H76 -> 0.2 | I77: =SUM(D75:I75)/I76 -> 0.16666667 | J77: =SUM(D75:J75)/J76 -> 0.14285714 | K77: =SUM(D75:K75)/K76 -> 0.125 | L77: =SUM(D75:L75)/L76 -> 0.11111111 | M77: =SUM(D75:M75)/M76 -> 0.1 | N77: =SUM(D75:N75)/N76 -> 0.090909091 | O77: =SUM(D75:O75)/O76 -> 0.083333333 | P77: =P75/P76 -> 0.037037037
B78: 工厂 Total | C78: Rejected Qty | D78: =SUM(D72,D75) -> 1 | E78: =SUM(E72,E75) -> 0 | F78: =SUM(F72,F75) -> 1 | G78: =SUM(G72,G75) -> 2 | H78: =SUM(H72,H75) -> 4 | I78: =SUM(I72,I75) -> 1 | J78: =SUM(J72,J75) -> 0 | K78: =SUM(K72,K75) -> 0 | ... O78: =SUM(O72,O75) -> 0 | P78: =SUM(D78:O78) -> 9
C79: Months | D79: 1 | E79: 2 | F79: 3 | G79: 4 | H79: 5 | I79: 6 | J79: 7 | K79: 8 | L79: 9 | M79: 10 | N79: 11 | O79: 12 | P79: 12
C80: Monthly times | D80: =D78/D79 -> 1 | E80: =SUM(D78:E78)/E79 -> 0.5 | F80: =SUM(D78:F78)/F79 -> 0.66666667 | G80: =SUM(D78:G78)/G79 -> 1 | H80: =SUM(D78:H78)/H79 -> 1.6 | I80: =SUM(D78:I78)/I79 -> 1.5 | J80: =SUM(D78:J78)/J79 -> 1.2857143 | K80: =SUM(D78:K78)/K79 -> 1.125 | L80: =SUM(D78:L78)/L79 -> 1 | M80: =SUM(D78:M78)/M79 -> 0.9 | N80: =SUM(D78:N78)/N79 -> 0.81818182 | O80: =SUM(D78:O78)/O79 -> 0.75 | P80: =P78/P79 -> 0.75
E273: Total | F273: 组装问题
D274: 拒收次数 | E274: 1.5 | F274: 1.2

Sheet 2024 KPI-大小线（FQC)
C1: 2024 FQC 拒收率-大小线 | T1: 2024 FQC 拒收率-大小线（生产用）
C2: 月份 | D2: 1月 | E2: 2月 | F2: 3月 | G2: 4月 | H2: 5月 | I2: 6月 | J2: 7月 | K2: 8月 | L2: 9月 | M2: 10月 | N2: 11月 | O2: 12月 | P2: YTD | T2: 月份 | U2: 1月 | V2: 2月 | W2: 3月 | X2: 4月 | Y2: 5月 | Z2: 6月 | AA2: 7月 | AB2: 8月 | AC2: 9月 | AD2: 10月 | AE2: 11月 | AF2: 12月 | AG2: YTD
A3: Rejected Qty | B3: 大线 | C3: KID CYCLING | D3: 1 | E3: 0 | F3: 0 | J3: 1 | K3: 1 | L3: 2 | M3: 1 | O3: 0 | P3: =SUM(D3:O3) -> 6 | R3: Rejected Qty | S3: 大线 | T3: KID CYCLING | U3: 0 | V3: 0 | W3: 0 | AA3: 1 | AB3: 1 | AC3: 2 | AD3: 1 | AF3: 0 | AG3: =SUM(U3:AF3) -> 5
C4: 山地ST | D4: 92 | E4: 11 | F4: 19 | G4: 35 | H4: 4 | I4: 4 | J4: 8 | K4: 11 | L4: 7 | M4: 2 | N4: 1 | O4: 14 | P4: =SUM(D4:O4) -> 208 | T4: 山地ST | U4: 91 | V4: 5 | W4: 19 | X4: 34 | Y4: 2 | Z4: 3 | AA4: 7 | AB4: 10 | AC4: 7 | AD4: 2 | AE4: 1 | AF4: 13 | AG4: =SUM(U4:AF4) -> 194
C5: 山地XC/AM/Race | D5: 5 | E5: 0 | F5: 1 | G5: 0 | H5: 1 | I5: 0 | J5: 7 | K5: 2 | L5: 19 | M5: 10 | N5: 1 | O5: 0 | P5: =SUM(D5:O5) -> 46 | T5: 山地XC/AM/Race | U5: 2 | V5: 0 | W5: 1 | X5: 0 | Y5: 1 | AA5: 7 | AB5: 2 | AC5: 3 | AD5: 10 | AE5: 1 | AF5: 0 | AG5: =SUM(U5:AF5) -> 27
C6: Hybrid Bike | D6: 1 | E6: 0 | F6: 1 | I6: 24 | K6: 14 | L6: 1 | M6: 1 | O6: 0 | P6: =SUM(D6:O6) -> 42 | T6: Hybrid Bike | U6: 1 | V6: 0 | W6: 1 | Z6: 24 | AB6: 14 | AC6: 1 | AD6: 1 | AF6: 0 | AG6: =SUM(U6:AF6) -> 42
C7: 公路RC | D7: 8 | E7: 2 | F7: 3 | G7: 4 | H7: 5 | I7: 5 | J7: 2 | K7: 4 | L7: 1 | M7: 2 | N7: 2 | O7: 4 | P7: =SUM(D7:O7) -> 42 | T7: 公路RC | U7: 6 | V7: 1 | W7: 3 | X7: 4 | Y7: 4 | Z7: 5 | AA7: 2 | AB7: 4 | AC7: 1 | AD7: 2 | AE7: 2 | AF7: 3 | AG7: =SUM(U7:AF7) -> 37
C8: 大线GRVL | E8: 1 | F8: 1 | G8: 1 | H8: 2 | I8: 13 | J8: 1 | K8: 0 | M8: 2 | O8: 14 | P8: =SUM(D8:O8) -> 35 | T8: 大线GRVL | V8: 1 | W8: 1 | X8: 1 | Y8: 2 | Z8: 12 | AA8: 1 | AD8: 2 | AF8: 14 | AG8: =SUM(U8:AF8) -> 34
C9: 大线EDR | D9: 2 | E9: 27 | F9: 1 | G9: 36 | H9: 1 | I9: 0 | J9: 1 | K9: 2 | L9: 2 | M9: 0 | O9: 1 | P9: =SUM(D9:O9) -> 73 | T9: 大线EDR | U9: 2 | V9: 18 | W9: 1 | X9: 36 | Y9: 0 | AB9: 2 | AC9: 1 | AD9: 0 | AF9: 1 | AG9: =SUM(U9:AF9) -> 61
C10: Total | D10: =sum(D3:D9) -> 109 | E10: =sum(E3:E9) -> 41 | F10: =sum(F3:F9) -> 26 | G10: =sum(G3:G9) -> 76 | H10: =sum(H3:H9) -> 13 | I10: =sum(I3:I9) -> 46 | J10: =sum(J3:J9) -> 20 | K10: =sum(K3:K9) -> 34 | ... P10: =sum(P3:P9) -> 452 | T10: Total | U10: =sum(U3:U9) -> 102 | V10: =sum(V3:V9) -> 25 | W10: =sum(W3:W9) -> 26 | X10: =sum(X3:X9) -> 75 | Y10: =sum(Y3:Y9) -> 9 | Z10: =sum(Z3:Z9) -> 44 | AA10: =sum(AA3:AA9) -> 18 | AB10: =sum(AB3:AB9) -> 33 | ... AG10: =sum(AG3:AG9) -> 400
B11: 小线 | C11: 小线GRVL | D11: 0 | E11: 4 | F11: 3 | G11: 4 | H11: 3 | I11: 0 | J11: 3 | K11: 0 | L11: 0 | O11: 1 | P11: =SUM(D11:O11) -> 18 | S11: 小线 | T11: 小线GRVL | U11: 0 | V11: 4 | W11: 2 | X11: 4 | Y11: 2 | AA11: 3 | AC11: 0 | AF11: 1 | AG11: =SUM(U11:AF11) -> 16
C12: 小线EDR | D12: 1 | E12: 2 | F12: 2 | G12: 8 | H12: 2 | I12: 2 | J12: 1 | K12: 1 | L12: 1 | M12: 0 | O12: 0 | P12: =SUM(D12:O12) -> 20 | T12: 小线EDR | U12: 0 | V12: 1 | W12: 1 | X12: 7 | Y12: 1 | Z12: 2 | AA12: 1 | AB12: 1 | AC12: 1 | AD12: 0 | AF12: 0 | AG12: =SUM(U12:AF12) -> 15
C13: 小线RCR | D13: 1 | E13: 1 | F13: 0 | G13: 1 | H13: 1 | I13: 1 | J13: 5 | K13: 5 | L13: 2 | M13: 4 | O13: 1 | P13: =SUM(D13:O13) -> 22 | T13: 小线RCR | U13: 1 | V13: 1 | W13: 0 | X13: 1 | Y13: 1 | Z13: 1 | AA13: 5 | AB13: 5 | AC13: 2 | AG13: =SUM(U13:AF13) -> 17
C14: Touring | E14: 0 | G14: 45 | J14: 1 | K14: 1 | P14: =SUM(D14:O14) -> 47 | T14: Touring | V14: 0 | X14: 45 | AA14: 1 | AB14: 1 | AG14: =SUM(U14:AF14) -> 47
C15: 小线XC | G15: 0 | K15: 0 | L15: 0 | M15: 1 | N15: 2 | P15: =SUM(D15:O15) -> 3 | T15: 小线XC | X15: 0 | AC15: 0 | AD15: 1 | AE15: 1 | AG15: =SUM(U15:AF15) -> 2
C16: Total | D16: =SUM(D11:D14) -> 2 | E16: =SUM(E11:E14) -> 7 | F16: =SUM(F11:F14) -> 5 | G16: =SUM(G11:G15) -> 58 | H16: =SUM(H11:H14) -> 6 | I16: =SUM(I11:I14) -> 3 | J16: =SUM(J11:J14) -> 10 | K16: =SUM(K11:K15) -> 7 | L16: =SUM(L11:L15) -> 3 | M16: =SUM(M11:M15) -> 5 | N16: =SUM(N11:N15) -> 2 | O16: =SUM(O11:O14) -> 2 | P16: =SUM(D16:O16) -> 110 | T16: Total | U16: =SUM(U11:U14) -> 1 | V16: =SUM(V11:V14) -> 6 | W16: =SUM(W11:W14) -> 3 | X16: =SUM(X11:X15) -> 57 | Y16: =SUM(Y11:Y14) -> 4 | Z16: =SUM(Z11:Z14) -> 3 | AA16: =SUM(AA11:AA14) -> 10 | AB16: =SUM(AB11:AB14) -> 7 | AC16: =SUM(AC11:AC15) -> 3 | AD16: =SUM(AD11:AD15) -> 1 | AE16: =SUM(AE11:AE15) -> 1 | AF16: =SUM(AF11:AF14) -> 1 | AG16: =SUM(U16:AF16) -> 97
B17: Total | C17: 工厂Total | D17: =sum(D3:D9,D11:D15) -> 111 | E17: =sum(E3:E9,E11:E15) -> 48 | F17: =sum(F3:F9,F11:F15) -> 31 | G17: =sum(G3:G9,G11:G15) -> 134 | H17: =sum(H3:H9,H11:H15) -> 19 | I17: =sum(I3:I9,I11:I15) -> 49 | J17: =sum(J3:J9,J11:J15) -> 30 | K17: =sum(K3:K9,K11:K15) -> 41 | ... P17: =sum(P3:P9,P11:P15) -> 562 | S17: Total | T17: 工厂Total | U17: =sum(U3:U9,U11:U15) -> 103 | V17: =sum(V3:V9,V11:V15) -> 31 | W17: =sum(W3:W9,W11:W15) -> 29 | X17: =sum(X3:X9,X11:X15) -> 132 | Y17: =sum(Y3:Y9,Y11:Y15) -> 13 | Z17: =sum(Z3:Z9,Z11:Z15) -> 47 | AA17: =sum(AA3:AA9,AA11:AA15) -> 28 | AB17: =sum(AB3:AB9,AB11:AB15) -> 40 | ... AG17: =sum(AG3:AG9,AG11:AG15) -> 497
A18: Ship out number | B18: 大线 | C18: KID CYCLING | D18: 24 | J18: 72 | K18: 48 | L18: 96 | M18: 120 | N18: 24 | P18: =SUM(D18:O18) -> 384 | R18: Ship out number | S18: 大线 | T18: KID CYCLING | U18: =D18 -> 24 | V18: =E18 | W18: =F18 | X18: =G18 | Y18: =H18 | Z18: =I18 | AA18: =J18 -> 72 | AB18: =K18 -> 48 | ... AF18: =O18 | AG18: =SUM(U18:AF18) -> 384
C19: 山地ST | D19: 2118 | E19: 1696 | F19: 2576 | G19: 2641 | H19: 3492 | I19: 4107 | J19: 2744 | K19: 4079 | L19: 3060 | M19: 828 | N19: 306 | O19: 993 | P19: =SUM(D19:O19) -> 28640 | T19: 山地ST | U19: =D19 -> 2118 | V19: =E19 -> 1696 | W19: =F19 -> 2576 | X19: =G19 -> 2641 | Y19: =H19 -> 3492 | Z19: =I19 -> 4107 | AA19: =J19 -> 2744 | AB19: =K19 -> 4079 | ... AF19: =O19 -> 993 | AG19: =SUM(U19:AF19) -> 28640
C20: 山地XC/AM/Race | D20: 12 | E20: 16 | F20: 32 | G20: 16 | H20: 108 | I20: 52 | J20: 8 | K20: 44 | L20: 120 | M20: 27 | N20: 70 | O20: 7 | P20: =SUM(D20:O20) -> 512 | T20: 山地XC/AM/Race | U20: =D20 -> 12 | V20: =E20 -> 16 | W20: =F20 -> 32 | X20: =G20 -> 16 | Y20: =H20 -> 108 | Z20: =I20 -> 52 | AA20: =J20 -> 8 | AB20: =K20 -> 44 | ... AF20: =O20 -> 7 | AG20: =SUM(U20:AF20) -> 512
C21: Hybrid Bike | D21: 90 | E21: 16 | F21: 80 | I21: 80 | K21: 68 | L21: 112 | M21: 136 | N21: 15 | P21: =SUM(D21:O21) -> 597 | T21: Hybrid Bike | U21: =D21 -> 90 | V21: =E21 -> 16 | W21: =F21 -> 80 | X21: =G21 | Y21: =H21 | Z21: =I21 -> 80 | AA21: =J21 | AB21: =K21 -> 68 | ... AF21: =O21 | AG21: =SUM(U21:AF21) -> 597
C22: 公路RC | D22: 2563 | E22: 253 | F22: 381 | G22: 1374 | H22: 1758 | I22: 2062 | J22: 1475 | K22: 962 | L22: 650 | M22: 560 | N22: 505 | O22: 866 | P22: =SUM(D22:O22) -> 13409 | T22: 公路RC | U22: =D22 -> 2563 | V22: =E22 -> 253 | W22: =F22 -> 381 | X22: =G22 -> 1374 | Y22: =H22 -> 1758 | Z22: =I22 -> 2062 | AA22: =J22 -> 1475 | AB22: =K22 -> 962 | ... AF22: =O22 -> 866 | AG22: =SUM(U22:AF22) -> 13409
C23: 大线GRVL | E23: 115 | F23: 100 | G23: 118 | H23: 278 | I23: 405 | J23: 94 | K23: 144 | M23: 193 | O23: 395 | P23: =SUM(D23:O23) -> 1842 | T23: 大线GRVL | U23: =D23 | V23: =E23 -> 115 | W23: =F23 -> 100 | X23: =G23 -> 118 | Y23: =H23 -> 278 | Z23: =I23 -> 405 | AA23: =J23 -> 94 | AB23: =K23 -> 144 | ... AF23: =O23 -> 395 | AG23: =SUM(U23:AF23) -> 1842
C24: 大线EDR | D24: 631 | E24: 426 | F24: 764 | G24: 471 | H24: 1109 | I24: 37 | J24: 446 | K24: 358 | L24: 751 | M24: 330 | O24: 192 | P24: =SUM(D24:O24) -> 5515 | T24: 大线EDR | U24: =D24 -> 631 | V24: =E24 -> 426 | W24: =F24 -> 764 | X24: =G24 -> 471 | Y24: =H24 -> 1109 | Z24: =I24 -> 37 | AA24: =J24 -> 446 | AB24: =K24 -> 358 | ... AF24: =O24 -> 192 | AG24: =SUM(U24:AF24) -> 5515
C25: Total | D25: =sum(D18:D24) -> 5438 | E25: =sum(E18:E24) -> 2522 | F25: =sum(F18:F24) -> 3933 | G25: =sum(G18:G24) -> 4620 | H25: =sum(H18:H24) -> 6745 | I25: =sum(I18:I24) -> 6743 | J25: =sum(J18:J24) -> 4839 | K25: =sum(K18:K24) -> 5703 | ... O25: =sum(O18:O24) -> 2453 | P25: =sum(D25:O25) -> 50899 | T25: Total | U25: =sum(U18:U24) -> 5438 | V25: =sum(V18:V24) -> 2522 | W25: =sum(W18:W24) -> 3933 | X25: =sum(X18:X24) -> 4620 | Y25: =sum(Y18:Y24) -> 6745 | Z25: =sum(Z18:Z24) -> 6743 | AA25: =sum(AA18:AA24) -> 4839 | AB25: =sum(AB18:AB24) -> 5703 | ... AF25: =sum(AF18:AF24) -> 2453 | AG25: =sum(U25:AF25) -> 50899
B26: 小线 | C26: 小线GRVL | D26: 47 | E26: 210 | F26: 158 | G26: 238 | H26: 229 | I26: 216 | J26: 157 | K26: 224 | L26: 47 | O26: 61 | P26: =sum(D26:O26) -> 1587 | S26: 小线 | T26: 小线GRVL | U26: =D26 -> 47 | V26: =E26 -> 210 | W26: =F26 -> 158 | X26: =G26 -> 238 | Y26: =H26 -> 229 | Z26: =I26 -> 216 | AA26: =J26 -> 157 | AB26: =K26 -> 224 | ... AF26: =O26 -> 61 | AG26: =sum(U26:AF26) -> 1587
C27: 小线EDR | D27: 139 | E27: 121 | F27: 124 | G27: 568 | H27: 129 | I27: 114 | J27: 225 | K27: 66 | L27: 91 | M27: 66 | O27: 185 | P27: =SUM(D27:O27) -> 1828 | T27: 小线EDR | U27: =D27 -> 139 | V27: =E27 -> 121 | W27: =F27 -> 124 | X27: =G27 -> 568 | Y27: =H27 -> 129 | Z27: =I27 -> 114 | AA27: =J27 -> 225 | AB27: =K27 -> 66 | ... AF27: =O27 -> 185 | AG27: =SUM(U27:AF27) -> 1828
C28: 小线RCR | D28: 80 | E28: 57 | F28: 10 | G28: 103 | H28: 128 | I28: 75 | J28: 170 | K28: 233 | L28: 232 | M28: 207 | N28: 73 | O28: 31 | P28: =SUM(D28:O28) -> 1399 | T28: 小线RCR | U28: =D28 -> 80 | V28: =E28 -> 57 | W28: =F28 -> 10 | X28: =G28 -> 103 | Y28: =H28 -> 128 | Z28: =I28 -> 75 | AA28: =J28 -> 170 | AB28: =K28 -> 233 | ... AF28: =O28 -> 31 | AG28: =SUM(U28:AF28) -> 1399
C29: Touring | E29: 47 | G29: 50 | J29: 48 | K29: 54 | P29: =SUM(D29:O29) -> 199 | T29: Touring | U29: =D29 | V29: =E29 -> 47 | W29: =F29 | X29: =G29 -> 50 | Y29: =H29 | Z29: =I29 | AA29: =J29 -> 48 | AB29: =K29 -> 54 | ... AF29: =O29 | AG29: =SUM(U29:AF29) -> 199
C30: 小线XC | G30: 54 | K30: 14 | L30: 67 | M30: 3 | N30: 64 | P30: =SUM(D30:O30) -> 202 | T30: 小线XC | U30: =D30 | V30: =E30 | W30: =F30 | X30: =G30 -> 54 | Y30: =H30 | Z30: =I30 | AA30: =J30 | AB30: =K30 -> 14 | ... AF30: =O30 | AG30: =SUM(U30:AF30) -> 202
C31: Total | D31: =sum(D26:D30) -> 266 | E31: =sum(E26:E30) -> 435 | F31: =sum(F26:F30) -> 292 | G31: =sum(G26:G30) -> 1013 | H31: =sum(H26:H30) -> 486 | I31: =sum(I26:I30) -> 405 | J31: =sum(J26:J30) -> 600 | K31: =sum(K26:K30) -> 591 | ... P31: =sum(P26:P30) -> 5215 | T31: Total | U31: =sum(U26:U30) -> 266 | V31: =sum(V26:V30) -> 435 | W31: =sum(W26:W30) -> 292 | X31: =sum(X26:X30) -> 1013 | Y31: =sum(Y26:Y30) -> 486 | Z31: =sum(Z26:Z30) -> 405 | AA31: =sum(AA26:AA30) -> 600 | AB31: =sum(AB26:AB30) -> 591 | ... AG31: =sum(AG26:AG30) -> 5215
B32: Total | C32: 工厂Total | D32: =sum(D18:D24,D26:D30) -> 5704 | E32: =sum(E18:E24,E26:E30) -> 2957 | F32: =sum(F18:F24,F26:F30) -> 4225 | G32: =sum(G18:G24,G26:G30) -> 5633 | H32: =sum(H18:H24,H26:H30) -> 7231 | I32: =sum(I18:I24,I26:I30) -> 7148 | J32: =sum(J18:J24,J26:J30) -> 5439 | K32: =sum(K18:K24,K26:K30) -> 6294 | ... P32: =sum(P18:P24,P26:P30) -> 56114 | S32: Total | T32: 工厂Total | U32: =sum(U18:U24,U26:U30) -> 5704 | V32: =sum(V18:V24,V26:V30) -> 2957 | W32: =sum(W18:W24,W26:W30) -> 4225 | X32: =sum(X18:X24,X26:X30) -> 5633 | Y32: =sum(Y18:Y24,Y26:Y30) -> 7231 | Z32: =sum(Z18:Z24,Z26:Z30) -> 7148 | AA32: =sum(AA18:AA24,AA26:AA30) -> 5439 | AB32: =sum(AB18:AB24,AB26:AB30) -> 6294 | ... AG32: =sum(AG18:AG24,AG26:AG30) -> 56114
A33: PPM | B33: 大线 | C33: KID CYCLING | D33: =(D3/D18)*1000000 -> 41666.667 | E33: =(E3/E18)*1000000 -> #DIV/0! | F33: =(F3/F18)*1000000 -> #DIV/0! | G33: =(G3/G18)*1000000 -> #DIV/0! | H33: =(H3/H18)*1000000 -> #DIV/0! | I33: =(I3/I18)*1000000 -> #DIV/0! | J33: =(J3/J18)*1000000 -> 13888.889 | K33: =(K3/K18)*1000000 -> 20833.333 | ... P33: =(P3/P18)*1000000 -> 15625 | R33: DPPM | S33: 大线 | T33: KID CYCLING | U33: =(U3/U18)*1000000 -> 0 | V33: =(V3/V18)*1000000 -> #DIV/0! | W33: =(W3/W18)*1000000 -> #DIV/0! | X33: =(X3/X18)*1000000 -> #DIV/0! | Y33: =(Y3/Y18)*1000000 -> #DIV/0! | Z33: =(Z3/Z18)*1000000 -> #DIV/0! | AA33: =(AA3/AA18)*1000000 -> 13888.889 | AB33: =(AB3/AB18)*1000000 -> 20833.333 | ... AG33: =(AG3/AG18)*1000000 -> 13020.833
C34: 山地ST | D34: =(D4/D19)*1000000 -> 43437.205 | E34: =(E4/E19)*1000000 -> 6485.8491 | F34: =(F4/F19)*1000000 -> 7375.7764 | G34: =(G4/G19)*1000000 -> 13252.556 | H34: =(H4/H19)*1000000 -> 1145.4754 | I34: =(I4/I19)*1000000 -> 973.94692 | J34: =(J4/J19)*1000000 -> 2915.4519 | K34: =(K4/K19)*1000000 -> 2696.7394 | ... P34: =(P4/P19)*1000000 -> 7262.5698 | T34: 山地ST | U34: =(U4/U19)*1000000 -> 42965.061 | V34: =(V4/V19)*1000000 -> 2948.1132 | W34: =(W4/W19)*1000000 -> 7375.7764 | X34: =(X4/X19)*1000000 -> 12873.911 | Y34: =(Y4/Y19)*1000000 -> 572.73769 | Z34: =(Z4/Z19)*1000000 -> 730.46019 | AA34: =(AA4/AA19)*1000000 -> 2551.0204 | AB34: =(AB4/AB19)*1000000 -> 2451.5813 | ... AG34: =(AG4/AG19)*1000000 -> 6773.743
C35: 山地XC/AM/Race | D35: =(D5/D20)*1000000 -> 416666.67 | E35: =(E5/E20)*1000000 -> 0 | F35: =(F5/F20)*1000000 -> 31250 | G35: =(G5/G20)*1000000 -> 0 | H35: =(H5/H20)*1000000 -> 9259.2593 | I35: =(I5/I20)*1000000 -> 0 | J35: =(J5/J20)*1000000 -> 875000 | K35: =(K5/K20)*1000000 -> 45454.545 | ... P35: =(P5/P20)*1000000 -> 89843.75 | T35: 山地XC/AM/Race | U35: =(U5/U20)*1000000 -> 166666.67 | V35: =(V5/V20)*1000000 -> 0 | W35: =(W5/W20)*1000000 -> 31250 | X35: =(X5/X20)*1000000 -> 0 | Y35: =(Y5/Y20)*1000000 -> 9259.2593 | Z35: =(Z5/Z20)*1000000 -> 0 | AA35: =(AA5/AA20)*1000000 -> 875000 | AB35: =(AB5/AB20)*1000000 -> 45454.545 | ... AG35: =(AG5/AG20)*1000000 -> 52734.375
C36: Hybrid Bike | D36: =(D6/D21)*1000000 -> 11111.111 | E36: =(E6/E21)*1000000 -> 0 | F36: =(F6/F21)*1000000 -> 12500 | G36: =(G6/G21)*1000000 -> #DIV/0! | H36: =(H6/H21)*1000000 -> #DIV/0! | I36: =(I6/I21)*1000000 -> 300000 | J36: =(J6/J21)*1000000 -> #DIV/0! | K36: =(K6/K21)*1000000 -> 205882.35 | ... P36: =(P6/P21)*1000000 -> 70351.759 | T36: Hybrid Bike | U36: =(U6/U21)*1000000 -> 11111.111 | V36: =(V6/V21)*1000000 -> 0 | W36: =(W6/W21)*1000000 -> 12500 | X36: =(X6/X21)*1000000 -> #DIV/0! | Y36: =(Y6/Y21)*1000000 -> #DIV/0! | Z36: =(Z6/Z21)*1000000 -> 300000 | AA36: =(AA6/AA21)*1000000 -> #DIV/0! | AB36: =(AB6/AB21)*1000000 -> 205882.35 | ... AG36: =(AG6/AG21)*1000000 -> 70351.759
C37: 公路RC | D37: =(D7/D22)*1000000 -> 3121.3422 | E37: =(E7/E22)*1000000 -> 7905.1383 | F37: =(F7/F22)*1000000 -> 7874.0157 | G37: =(G7/G22)*1000000 -> 2911.2082 | H37: =(H7/H22)*1000000 -> 2844.1411 | I37: =(I7/I22)*1000000 -> 2424.8303 | J37: =(J7/J22)*1000000 -> 1355.9322 | K37: =(K7/K22)*1000000 -> 4158.0042 | ... P37: =(P7/P22)*1000000 -> 3132.2246 | T37: 公路RC | U37: =(U7/U22)*1000000 -> 2341.0066 | V37: =(V7/V22)*1000000 -> 3952.5692 | W37: =(W7/W22)*1000000 -> 7874.0157 | X37: =(X7/X22)*1000000 -> 2911.2082 | Y37: =(Y7/Y22)*1000000 -> 2275.3129 | Z37: =(Z7/Z22)*1000000 -> 2424.8303 | AA37: =(AA7/AA22)*1000000 -> 1355.9322 | AB37: =(AB7/AB22)*1000000 -> 4158.0042 | ... AG37: =(AG7/AG22)*1000000 -> 2759.3407
C38: 大线GRVL | D38: =(D8/D23)*1000000 -> #DIV/0! | E38: =(E8/E23)*1000000 -> 8695.6522 | F38: =(F8/F23)*1000000 -> 10000 | G38: =(G8/G23)*1000000 -> 8474.5763 | H38: =(H8/H23)*1000000 -> 7194.2446 | I38: =(I8/I23)*1000000 -> 32098.765 | J38: =(J8/J23)*1000000 -> 10638.298 | K38: =(K8/K23)*1000000 -> 0 | ... P38: =(P8/P23)*1000000 -> 19001.086 | T38: 大线GRVL | U38: =(U8/U23)*1000000 -> #DIV/0! | V38: =(V8/V23)*1000000 -> 8695.6522 | W38: =(W8/W23)*1000000 -> 10000 | X38: =(X8/X23)*1000000 -> 8474.5763 | Y38: =(Y8/Y23)*1000000 -> 7194.2446 | Z38: =(Z8/Z23)*1000000 -> 29629.63 | AA38: =(AA8/AA23)*1000000 -> 10638.298 | AB38: =(AB8/AB23)*1000000 -> 0 | ... AG38: =(AG8/AG23)*1000000 -> 18458.198
C39: 大线EDR | D39: =(D9/D24)*1000000 -> 3169.5721 | E39: =(E9/E24)*1000000 -> 63380.282 | F39: =(F9/F24)*1000000 -> 1308.9005 | G39: =(G9/G24)*1000000 -> 76433.121 | H39: =(H9/H24)*1000000 -> 901.71326 | I39: =(I9/I24)*1000000 -> 0 | J39: =(J9/J24)*1000000 -> 2242.1525 | K39: =(K9/K24)*1000000 -> 5586.5922 | ... P39: =(P9/P24)*1000000 -> 13236.627 | T39: 大线EDR | U39: =(U9/U24)*1000000 -> 3169.5721 | V39: =(V9/V24)*1000000 -> 42253.521 | W39: =(W9/W24)*1000000 -> 1308.9005 | X39: =(X9/X24)*1000000 -> 76433.121 | Y39: =(Y9/Y24)*1000000 -> 0 | Z39: =(Z9/Z24)*1000000 -> 0 | AA39: =(AA9/AA24)*1000000 -> 0 | AB39: =(AB9/AB24)*1000000 -> 5586.5922 | ... AG39: =(AG9/AG24)*1000000 -> 11060.743
C40: 大线Total | D40: =(D10/D25)*1000000` -> #ERROR! | E40: =(E10/E25)*1000000 -> 16256.939 | F40: =(F10/F25)*1000000 -> 6610.7297 | G40: =(G10/G25)*1000000 -> 16450.216 | H40: =(H10/H25)*1000000 -> 1927.3536 | I40: =(I10/I25)*1000000 -> 6821.8894 | J40: =(J10/J25)*1000000 -> 4133.0853 | K40: =(K10/K25)*1000000 -> 5961.7745 | L40: =(L10/L25)*1000000 -> 6681.9795 | ... P40: =(P10/P25)*1000000 -> 8880.3316 | T40: 大线Total | U40: =(U10/U25)*1000000 -> 18756.896 | V40: =(V10/V25)*1000000 -> 9912.7676 | W40: =(W10/W25)*1000000 -> 6610.7297 | X40: =(X10/X25)*1000000 -> 16233.766 | Y40: =(Y10/Y25)*1000000 -> 1334.3217 | Z40: =(Z10/Z25)*1000000 -> 6525.2855 | AA40: =(AA10/AA25)*1000000 -> 3719.7768 | AB40: =(AB10/AB25)*1000000 -> 5786.4282 | ... AG40: =(AG10/AG25)*1000000 -> 7858.7006
B41: 小线 | C41: 小线GRVL | D41: =(D11/D26)*1000000 -> 0 | E41: =(E11/E26)*1000000 -> 19047.619 | F41: =(F11/F26)*1000000 -> 18987.342 | G41: =(G11/G26)*1000000 -> 16806.723 | H41: =(H11/H26)*1000000 -> 13100.437 | I41: =(I11/I26)*1000000 -> 0 | J41: =(J11/J26)*1000000 -> 19108.28 | K41: =(K11/K26)*1000000 -> 0 | ... P41: =(P11/P26)*1000000 -> 11342.155 | S41: 小线 | T41: 小线GRVL | U41: =(U11/U26)*1000000 -> 0 | V41: =(V11/V26)*1000000 -> 19047.619 | W41: =(W11/W26)*1000000 -> 12658.228 | X41: =(X11/X26)*1000000 -> 16806.723 | Y41: =(Y11/Y26)*1000000 -> 8733.6245 | Z41: =(Z11/Z26)*1000000 -> 0 | AA41: =(AA11/AA26)*1000000 -> 19108.28 | AB41: =(AB11/AB26)*1000000 -> 0 | ... AG41: =(AG11/AG26)*1000000 -> 10081.916
C42: 小线EDR | D42: =(D12/D27)*1000000 -> 7194.2446 | E42: =(E12/E27)*1000000 -> 16528.926 | F42: =(F12/F27)*1000000 -> 16129.032 | G42: =(G12/G27)*1000000 -> 14084.507 | H42: =(H12/H27)*1000000 -> 15503.876 | I42: =(I12/I27)*1000000 -> 17543.86 | J42: =(J12/J27)*1000000 -> 4444.4444 | K42: =(K12/K27)*1000000 -> 15151.515 | ... P42: =(P12/P27)*1000000 -> 10940.919 | T42: 小线EDR | U42: =(U12/U27)*1000000 -> 0 | V42: =(V12/V27)*1000000 -> 8264.4628 | W42: =(W12/W27)*1000000 -> 8064.5161 | X42: =(X12/X27)*1000000 -> 12323.944 | Y42: =(Y12/Y27)*1000000 -> 7751.938 | Z42: =(Z12/Z27)*1000000 -> 17543.86 | AA42: =(AA12/AA27)*1000000 -> 4444.4444 | AB42: =(AB12/AB27)*1000000 -> 15151.515 | ... AG42: =(AG12/AG27)*1000000 -> 8205.6893
C43: 小线RCR | D43: =(D13/D28)*1000000 -> 12500 | E43: =(E13/E28)*1000000 -> 17543.86 | F43: =(F13/F28)*1000000 -> 0 | G43: =(G13/G28)*1000000 -> 9708.7379 | H43: =(H13/H28)*1000000 -> 7812.5 | I43: =(I13/I28)*1000000 -> 13333.333 | J43: =(J13/J28)*1000000 -> 29411.765 | K43: =(K13/K28)*1000000 -> 21459.227 | ... P43: =(P13/P28)*1000000 -> 15725.518 | T43: 小线RCR | U43: =(U13/U28)*1000000 -> 12500 | V43: =(V13/V28)*1000000 -> 17543.86 | W43: =(W13/W28)*1000000 -> 0 | X43: =(X13/X28)*1000000 -> 9708.7379 | Y43: =(Y13/Y28)*1000000 -> 7812.5 | Z43: =(Z13/Z28)*1000000 -> 13333.333 | AA43: =(AA13/AA28)*1000000 -> 29411.765 | AB43: =(AB13/AB28)*1000000 -> 21459.227 | ... AG43: =(AG13/AG28)*1000000 -> 12151.537
C44: Touring | D44: =(D14/D29)*1000000 -> #DIV/0! | E44: =(E14/E29)*1000000 -> 0 | F44: =(F14/F29)*1000000 -> #DIV/0! | G44: =(G14/G29)*1000000 -> 900000 | H44: =(H14/H29)*1000000 -> #DIV/0! | I44: =(I14/I29)*1000000 -> #DIV/0! | J44: =(J14/J29)*1000000 -> 20833.333 | K44: =(K14/K29)*1000000 -> 18518.519 | ... P44: =(P14/P29)*1000000 -> 236180.9 | T44: Touring | U44: =(U14/U29)*1000000 -> #DIV/0! | V44: =(V14/V29)*1000000 -> 0 | W44: =(W14/W29)*1000000 -> #DIV/0! | X44: =(X14/X29)*1000000 -> 900000 | Y44: =(Y14/Y29)*1000000 -> #DIV/0! | Z44: =(Z14/Z29)*1000000 -> #DIV/0! | AA44: =(AA14/AA29)*1000000 -> 20833.333 | AB44: =(AB14/AB29)*1000000 -> 18518.519 | ... AG44: =(AG14/AG29)*1000000 -> 236180.9
C45: 小线XC | D45: =(D15/D30)*1000000 -> #DIV/0! | E45: =(E15/E30)*1000000 -> #DIV/0! | F45: =(F15/F30)*1000000 -> #DIV/0! | G45: =(G15/G30)*1000000 -> 0 | H45: =(H15/H30)*1000000 -> #DIV/0! | I45: =(I15/I30)*1000000 -> #DIV/0! | J45: =(J15/J30)*1000000 -> #DIV/0! | K45: =(K15/K30)*1000000 -> 0 | ... P45: =(P15/P30)*1000000 -> 14851.485 | T45: 小线XC | U45: =(U15/U30)*1000000 -> #DIV/0! | V45: =(V15/V30)*1000000 -> #DIV/0! | W45: =(W15/W30)*1000000 -> #DIV/0! | X45: =(X15/X30)*1000000 -> 0 | Y45: =(Y15/Y30)*1000000 -> #DIV/0! | Z45: =(Z15/Z30)*1000000 -> #DIV/0! | AA45: =(AA15/AA30)*1000000 -> #DIV/0! | AB45: =(AB15/AB30)*1000000 -> 0 | ... AG45: =(AG15/AG30)*1000000 -> 9900.9901
C46: 小线Total | D46: =(D16/D31)*1000000 -> 7518.797 | E46: =(E16/E31)*1000000 -> 16091.954 | F46: =(F16/F31)*1000000 -> 17123.288 | G46: =(G16/G31)*1000000 -> 57255.676 | H46: =(H16/H31)*1000000 -> 12345.679 | I46: =(I16/I31)*1000000 -> 7407.4074 | J46: =(J16/J31)*1000000 -> 16666.667 | K46: =(K16/K31)*1000000 -> 11844.332 | ... P46: =(P16/P31)*1000000 -> 21093.001 | T46: 小线Total | U46: =(U16/U31)*1000000 -> 3759.3985 | V46: =(V16/V31)*1000000 -> 13793.103 | W46: =(W16/W31)*1000000 -> 10273.973 | X46: =(X16/X31)*1000000 -> 56268.509 | Y46: =(Y16/Y31)*1000000 -> 8230.4527 | Z46: =(Z16/Z31)*1000000 -> 7407.4074 | AA46: =(AA16/AA31)*1000000 -> 16666.667 | AB46: =(AB16/AB31)*1000000 -> 11844.332 | ... AG46: =(AG16/AG31)*1000000 -> 18600.192
B47: Total | C47: 工厂Total PPM | D47: =(D17/D32)*1000000 -> 19460.028 | E47: =(E17/E32)*1000000 -> 16232.668 | F47: =(F17/F32)*1000000 -> 7337.2781 | G47: =(G17/G32)*1000000 -> 23788.39 | H47: =(H17/H32)*1000000 -> 2627.5757 | I47: =(I17/I32)*1000000 -> 6855.0644 | J47: =(J17/J32)*1000000 -> 5515.7198 | K47: =(K17/K32)*1000000 -> 6514.1405 | ... P47: =(P17/P32)*1000000 -> 10015.326 | S47: Total | T47: 工厂Total PPM | U47: =(U17/U32)*1000000 -> 18057.504 | V47: =(V17/V32)*1000000 -> 10483.598 | W47: =(W17/W32)*1000000 -> 6863.9053 | X47: =(X17/X32)*1000000 -> 23433.339 | Y47: =(Y17/Y32)*1000000 -> 1797.815 | Z47: =(Z17/Z32)*1000000 -> 6575.2658 | AA47: =(AA17/AA32)*1000000 -> 5148.0051 | AB47: =(AB17/AB32)*1000000 -> 6355.259 | ... AG47: =(AG17/AG32)*1000000 -> 8856.9697
A48: FQC Rejected Rate ( Quantity) | B48: 大线 | C48: 大线不良率 | D48: =D10/D25 -> 0.020044134 | E48: =E10/E25 -> 0.016256939 | F48: =F10/F25 -> 0.0066107297 | G48: =G10/G25 -> 0.016450216 | H48: =H10/H25 -> 0.0019273536 | I48: =I10/I25 -> 0.0068218894 | J48: =J10/J25 -> 0.0041330853 | K48: =K10/K25 -> 0.0059617745 | ... P48: =P10/P25 -> 0.0088803316 | R48: FQC Rejected Rate ( Quantity) | S48: 大线 | T48: 大线不良率 | U48: =U10/U25 -> 0.018756896 | V48: =V10/V25 -> 0.0099127676 | W48: =W10/W25 -> 0.0066107297 | X48: =X10/X25 -> 0.016233766 | Y48: =Y10/Y25 -> 0.0013343217 | Z48: =Z10/Z25 -> 0.0065252855 | AA48: =AA10/AA25 -> 0.0037197768 | AB48: =AB10/AB25 -> 0.0057864282 | ... AG48: =AG10/AG25 -> 0.0078587006
B49: 小线 | C49: 小线不良率 | D49: =D16/D31 -> 0.007518797 | E49: =E16/E31 -> 0.016091954 | F49: =F16/F31 -> 0.017123288 | G49: =G16/G31 -> 0.057255676 | H49: =H16/H31 -> 0.012345679 | I49: =I16/I31 -> 0.0074074074 | J49: =J16/J31 -> 0.016666667 | K49: =K16/K31 -> 0.011844332 | ... P49: =P16/P31 -> 0.021093001 | S49: 小线 | T49: 小线不良率 | U49: =U16/U31 -> 0.0037593985 | V49: =V16/V31 -> 0.013793103 | W49: =W16/W31 -> 0.010273973 | X49: =X16/X31 -> 0.056268509 | Y49: =Y16/Y31 -> 0.0082304527 | Z49: =Z16/Z31 -> 0.0074074074 | AA49: =AA16/AA31 -> 0.016666667 | AB49: =AB16/AB31 -> 0.011844332 | ... AG49: =AG16/AG31 -> 0.018600192
B50: 工厂Total | C50: 不良率 | D50: =D17/D32 -> 0.019460028 | E50: =E17/E32 -> 0.016232668 | F50: =F17/F32 -> 0.0073372781 | G50: =G17/G32 -> 0.02378839 | H50: =H17/H32 -> 0.0026275757 | I50: =I17/I32 -> 0.0068550644 | J50: =J17/J32 -> 0.0055157198 | K50: =K17/K32 -> 0.0065141405 | ... P50: =P17/P32 -> 0.010015326 | S50: 工厂Total | T50: 不良率 | U50: =U17/U32 -> 0.018057504 | V50: =V17/V32 -> 0.010483598 | W50: =W17/W32 -> 0.0068639053 | X50: =X17/X32 -> 0.023433339 | Y50: =Y17/Y32 -> 0.001797815 | Z50: =Z17/Z32 -> 0.0065752658 | AA50: =AA17/AA32 -> 0.0051480051 | AB50: =AB17/AB32 -> 0.006355259 | ... AG50: =AG17/AG32 -> 0.0088569697
A51: FQC Rejected Rate ( batch) | B51: 大线 | C51: Rejected Qty | D51: 3 | E51: 3 | F51: 1 | G51: 2 | H51: 0 | I51: 2 | J51: 1 | K51: 1 | L51: 1 | M51: 1 | N51: 0 | O51: 2 | P51: =sum(D51:O51) -> 17 | R51: FQC Rejected Rate ( batch) | S51: 大线 | T51: Rejected Qty | U51: 2 | V51: 1 | W51: 1 | X51: 2 | Y51: 0 | Z51: 2 | AA51: 1 | AB51: 1 | AC51: 1 | AD51: 1 | AE51: 0 | AF51: 2 | AG51: =sum(U51:AF51) -> 14
C52: ship out number | D52: 41 | E52: 25 | F52: 40 | G52: 41 | H52: 52 | I52: 50 | J52: 35 | K52: 42 | L52: 37 | M52: 22 | N52: 10 | O52: 25 | P52: =sum(D52:O52) -> 420 | T52: ship out number | U52: =D52 -> 41 | V52: =E52 -> 25 | W52: =F52 -> 40 | X52: =G52 -> 41 | Y52: =H52 -> 52 | Z52: =I52 -> 50 | AA52: =J52 -> 35 | AB52: =K52 -> 42 | ... AF52: =O52 -> 25 | AG52: =sum(U52:AF52) -> 420
C53: Rejected Rate | D53: =D51/D52 -> 0.073170732 | E53: =E51/E52 -> 0.12 | F53: =F51/F52 -> 0.025 | G53: =G51/G52 -> 0.048780488 | H53: =H51/H52 -> 0 | I53: =I51/I52 -> 0.04 | J53: =J51/J52 -> 0.028571429 | K53: =K51/K52 -> 0.023809524 | ... P53: =P51/P52 -> 0.04047619 | T53: Rejected Rate | U53: =U51/U52 -> 0.048780488 | V53: =V51/V52 -> 0.04 | W53: =W51/W52 -> 0.025 | X53: =X51/X52 -> 0.048780488 | Y53: =Y51/Y52 -> 0 | Z53: =Z51/Z52 -> 0.04 | AA53: =AA51/AA52 -> 0.028571429 | AB53: =AB51/AB52 -> 0.023809524 | ... AF53: =AF51/AF52 -> 0.08 | AG53: =AG51/AG52*1000000 -> 33333.333
B54: 小线 | C54: Rejected Qty | D54: 0 | E54: 0 | F54: 0 | G54: 1 | H54: 0 | I54: 0 | J54: 0 | K54: 0 | L54: 0 | M54: 0 | N54: 0 | O54: 0 | P54: =SUM(D54:O54) -> 1 | S54: 小线 | T54: Rejected Qty | U54: 0 | V54: 0 | W54: 0 | X54: 1 | Y54: 0 | Z54: 0 | AA54: 0 | AB54: 0 | AC54: 0 | AD54: 0 | AE54: 0 | AF54: 0 | AG54: =SUM(U54:AF54) -> 1
C55: ship out number | D55: 13 | E55: 18 | F55: 20 | G55: 26 | H55: 13 | I55: 15 | J55: 19 | K55: 22 | L55: 16 | M55: 13 | N55: 8 | O55: 9 | P55: =SUM(D55:O55) -> 192 | T55: ship out number | U55: =D55 -> 13 | V55: =E55 -> 18 | W55: =F55 -> 20 | X55: =G55 -> 26 | Y55: =H55 -> 13 | Z55: =I55 -> 15 | AA55: =J55 -> 19 | AB55: =K55 -> 22 | ... AF55: =O55 -> 9 | AG55: =SUM(U55:AF55) -> 192
C56: Rejected Rate | D56: =D54/D55 -> 0 | E56: =E54/E55 -> 0 | F56: =F54/F55 -> 0 | G56: =G54/G55 -> 0.038461538 | H56: =H54/H55 -> 0 | I56: =I54/I55 -> 0 | J56: =J54/J55 -> 0 | K56: =K54/K55 -> 0 | ... P56: =P54/P55 -> 0.0052083333 | T56: Rejected Rate | U56: =U54/U55 -> 0 | V56: =V54/V55 -> 0 | W56: =W54/W55 -> 0 | X56: =X54/X55 -> 0.038461538 | Y56: =Y54/Y55 -> 0 | Z56: =Z54/Z55 -> 0 | AA56: =AA54/AA55 -> 0 | AB56: =AB54/AB55 -> 0 | ... AG56: =AG54/AG55 -> 0.0052083333
B57: Total | C57: Rejected Qty | D57: =SUM(D51,D54) -> 3 | E57: =SUM(E51,E54) -> 3 | F57: =SUM(F51,F54) -> 1 | G57: =SUM(G51,G54) -> 3 | H57: =SUM(H51,H54) -> 0 | I57: =SUM(I51,I54) -> 2 | J57: =SUM(J51,J54) -> 1 | K57: =SUM(K51,K54) -> 1 | ... O57: =SUM(O51,O54) -> 2 | P57: =SUM(D57:O57) -> 18 | S57: Total | T57: Rejected Qty | U57: =SUM(U51,U54) -> 2 | V57: =SUM(V51,V54) -> 1 | W57: =SUM(W51,W54) -> 1 | X57: =SUM(X51,X54) -> 3 | Y57: =SUM(Y51,Y54) -> 0 | Z57: =SUM(Z51,Z54) -> 2 | AA57: =SUM(AA51,AA54) -> 1 | AB57: =SUM(AB51,AB54) -> 1 | ... AF57: =SUM(AF51,AF54) -> 2 | AG57: =SUM(U57:AF57) -> 15
C58: ship out number | D58: =SUM(D52,D55) -> 54 | E58: =SUM(E52,E55) -> 43 | F58: =SUM(F52,F55) -> 60 | G58: =SUM(G52,G55) -> 67 | H58: =SUM(H52,H55) -> 65 | I58: =SUM(I52,I55) -> 65 | J58: =SUM(J52,J55) -> 54 | K58: =SUM(K52,K55) -> 64 | ... O58: =SUM(O52,O55) -> 34 | P58: =SUM(D58:O58) -> 612 | T58: ship out number | U58: =SUM(U52,U55) -> 54 | V58: =SUM(V52,V55) -> 43 | W58: =SUM(W52,W55) -> 60 | X58: =SUM(X52,X55) -> 67 | Y58: =SUM(Y52,Y55) -> 65 | Z58: =SUM(Z52,Z55) -> 65 | AA58: =SUM(AA52,AA55) -> 54 | AB58: =SUM(AB52,AB55) -> 64 | ... AF58: =SUM(AF52,AF55) -> 34 | AG58: =SUM(U58:AF58) -> 612
C59: Rejected Rate | D59: =D57/D58 -> 0.055555556 | E59: =E57/E58 -> 0.069767442 | F59: =F57/F58 -> 0.016666667 | G59: =G57/G58 -> 0.044776119 | H59: =H57/H58 -> 0 | I59: =I57/I58 -> 0.030769231 | J59: =J57/J58 -> 0.018518519 | K59: =K57/K58 -> 0.015625 | ... P59: =P57/P58 -> 0.029411765 | T59: Rejected Rate | U59: =U57/U58 -> 0.037037037 | V59: =V57/V58 -> 0.023255814 | W59: =W57/W58 -> 0.016666667 | X59: =X57/X58 -> 0.044776119 | Y59: =Y57/Y58 -> 0 | Z59: =Z57/Z58 -> 0.030769231 | AA59: =AA57/AA58 -> 0.018518519 | AB59: =AB57/AB58 -> 0.015625 | ... AG59: =AG57/AG58 -> 0.024509804
A60: FQC Rejected Times | B60: 大线 | C60: Rejected Qty | D60: =D51 -> 3 | E60: =E51 -> 3 | F60: =F51 -> 1 | G60: =G51 -> 2 | H60: =H51 -> 0 | I60: =I51 -> 2 | J60: =J51 -> 1 | K60: =K51 -> 1 | ... O60: =O51 -> 2 | R60: FQC Rejected Times | S60: 大线 | T60: Rejected Qty | U60: =U51 -> 2 | V60: =V51 -> 1 | W60: =W51 -> 1 | X60: =X51 -> 2 | Y60: =Y51 -> 0 | Z60: 2 | AA60: 1 | AB60: 1 | AC60: =AC51 -> 1 | AD60: =AD51 -> 1 | AE60: =AE51 -> 0 | AF60: =AF51 -> 2
C61: Months | D61: 1 | E61: 2 | F61: 3 | G61: 4 | H61: 5 | I61: 6 | J61: 7 | K61: 8 | L61: 9 | M61: 10 | N61: 11 | O61: 12 | T61: Months | U61: 1 | V61: 2 | W61: 3 | X61: 4 | Y61: 5 | Z61: 6 | AA61: 7 | AB61: 8 | AC61: 9 | AD61: 10 | AE61: 11 | AF61: 12
C62: Monthly times | D62: =D60/D61 -> 3 | E62: =SUM(D60:E60)/E61 -> 3 | F62: =SUM(D60:F60)/F61 -> 2.3333333 | G62: =SUM(D60:G60)/G61 -> 2.25 | H62: =SUM(D60:H60)/H61 -> 1.8 | I62: =SUM(D60:I60)/I61 -> 1.8333333 | J62: =SUM(D60:J60)/J61 -> 1.7142857 | K62: =SUM(D60:K60)/K61 -> 1.625 | L62: =SUM(D60:L60)/L61 -> 1.5555556 | M62: =SUM(D60:M60)/M61 -> 1.5 | N62: =SUM(D60:N60)/N61 -> 1.3636364 | O62: =SUM(D60:O60)/O61 -> 1.4166667 | T62: Monthly times | U62: =U60/U61 -> 2 | V62: =SUM(U60:V60)/V61 -> 1.5 | W62: =SUM(U60:W60)/W61 -> 1.3333333 | X62: =SUM(U60:X60)/X61 -> 1.5 | Y62: =SUM(U60:Y60)/Y61 -> 1.2 | Z62: =SUM(U60:Z60)/Z61 -> 1.3333333 | AA62: =SUM(U60:AA60)/AA61 -> 1.2857143 | AB62: =SUM(U60:AB60)/AB61 -> 1.25 | AC62: =SUM(U60:AC60)/AC61 -> 1.2222222 | AD62: =SUM(U60:AD60)/AD61 -> 1.2 | AE62: =SUM(U60:AE60)/AE61 -> 1.0909091 | AF62: =SUM(U60:AF60)/AF61 -> 1.1666667
B63: 小线 | C63: Rejected Qty | D63: =D54 -> 0 | E63: =E54 -> 0 | F63: =F54 -> 0 | G63: =G54 -> 1 | H63: =H54 -> 0 | I63: 0 | J63: =J54 -> 0 | K63: =K54 -> 0 | L63: =L54 -> 0 | M63: =M54 -> 0 | N63: =N54 -> 0 | O63: 2 | S63: 小线 | T63: Rejected Qty | U63: =U54 -> 0 | V63: =V54 -> 0 | W63: =W54 -> 0 | X63: =X54 -> 1 | Y63: =Y54 -> 0 | Z63: 0 | AA63: 0 | AB63: =AB54 -> 0 | AC63: =AC54 -> 0 | AD63: =AD54 -> 0 | AE63: =AE54 -> 0 | AF63: =AF54 -> 0
C64: Months | D64: 1 | E64: 2 | F64: 3 | G64: 4 | H64: 5 | I64: 6 | J64: 7 | K64: 8 | L64: 9 | M64: 10 | N64: 11 | O64: 12 | T64: Months | U64: 1 | V64: 2 | W64: 3 | X64: 4 | Y64: 5 | Z64: 6 | AA64: 7 | AB64: 8 | AC64: 9 | AD64: 10 | AE64: 11 | AF64: 12
C65: Monthly times | D65: =D63/D64 -> 0 | E65: =SUM(D63:E63)/E64 -> 0 | F65: =SUM(D63:F63)/F64 -> 0 | G65: =SUM(D63:G63)/G64 -> 0.25 | H65: =SUM(D63:H63)/H64 -> 0.2 | I65: =SUM(D63:I63)/I64 -> 0.16666667 | J65: =SUM(D63:J63)/J64 -> 0.14285714 | K65: =SUM(D63:K63)/K64 -> 0.125 | L65: =SUM(D63:L63)/L64 -> 0.11111111 | M65: =SUM(D63:M63)/M64 -> 0.1 | N65: =SUM(D63:N63)/N64 -> 0.090909091 | O65: =SUM(D63:O63)/O64 -> 0.25 | T65: Monthly times | U65: =U63/U64 -> 0 | V65: =SUM(U63:V63)/V64 -> 0 | W65: =SUM(U63:W63)/W64 -> 0 | X65: =SUM(U63:X63)/X64 -> 0.25 | Y65: =SUM(U63:Y63)/Y64 -> 0.2 | Z65: =SUM(U63:Z63)/Z64 -> 0.16666667 | AA65: =SUM(U63:AA63)/AA64 -> 0.14285714 | AB65: =SUM(U63:AB63)/AB64 -> 0.125 | AC65: =SUM(U63:AC63)/AC64 -> 0.11111111 | AD65: =SUM(U63:AD63)/AD64 -> 0.1 | AE65: =SUM(U63:AE63)/AE64 -> 0.090909091 | AF65: =SUM(U63:AF63)/AF64 -> 0.083333333
B66: 工厂 Total | C66: Rejected Qty | D66: =SUM(D60,D63) -> 3 | E66: =SUM(E60,E63) -> 3 | F66: =SUM(F60,F63) -> 1 | G66: =SUM(G60,G63) -> 3 | H66: =SUM(H60,H63) -> 0 | I66: =SUM(I60,I63) -> 2 | J66: =SUM(J60,J63) -> 1 | K66: =SUM(K60,K63) -> 1 | ... O66: =SUM(O60,O63) -> 4 | S66: 生产 Total | T66: Rejected Qty | U66: =SUM(U60,U63) -> 2 | V66: =SUM(V60,V63) -> 1 | W66: =SUM(W60,W63) -> 1 | X66: =SUM(X60,X63) -> 3 | Y66: =SUM(Y60,Y63) -> 0 | Z66: =SUM(Z60,Z63) -> 2 | AA66: =SUM(AA60,AA63) -> 1 | AB66: =SUM(AB60,AB63) -> 1 | ... AF66: =SUM(AF60,AF63) -> 2
C67: Months | D67: 1 | E67: 2 | F67: 3 | G67: 4 | H67: 5 | I67: 6 | J67: 7 | K67: 8 | L67: 9 | M67: 10 | N67: 11 | O67: 12 | T67: Months | U67: 1 | V67: 2 | W67: 3 | X67: 4 | Y67: 5 | Z67: 6 | AA67: 7 | AB67: 8 | AC67: 9 | AD67: 10 | AE67: 11 | AF67: 12
C68: Monthly times | D68: =D66/D67 -> 3 | E68: =SUM(D66:E66)/E67 -> 3 | F68: =SUM(D66:F66)/F67 -> 2.3333333 | G68: =SUM(D66:G66)/G67 -> 2.5 | H68: =SUM(D66:H66)/H67 -> 2 | I68: =SUM(D66:I66)/I67 -> 2 | J68: =SUM(D66:J66)/J67 -> 1.8571429 | K68: =SUM(D66:K66)/K67 -> 1.75 | L68: =SUM(D66:L66)/L67 -> 1.6666667 | M68: =SUM(D66:M66)/M67 -> 1.6 | N68: =SUM(D66:N66)/N67 -> 1.4545455 | O68: =SUM(D66:O66)/O67 -> 1.6666667 | T68: Monthly times | U68: =U66/U67 -> 2 | V68: =SUM(U66:V66)/V67 -> 1.5 | W68: =SUM(U66:W66)/W67 -> 1.3333333 | X68: =SUM(U66:X66)/X67 -> 1.75 | Y68: =SUM(U66:Y66)/Y67 -> 1.4 | Z68: =SUM(U66:Z66)/Z67 -> 1.5 | AA68: =SUM(U66:AA66)/AA67 -> 1.4285714 | AB68: =SUM(U66:AB66)/AB67 -> 1.375 | AC68: =SUM(U66:AC66)/AC67 -> 1.3333333 | AD68: =SUM(U66:AD66)/AD67 -> 1.3 | AE68: =SUM(U66:AE66)/AE67 -> 1.1818182 | AF68: =SUM(U66:AF66)/AF67 -> 1.25
E270: Total | F270: 组装问题
D271: 拒收次数 | E271: 1.5 | F271: 1.2

Sheet 2026 KPI-大小线（PQC)
C1: 2026 PQC 拒收率-大小线 | T1: 2026 PQC 拒收率-大小线（生产用）
C2: 月份 | D2: 1月 | E2: 2月 | F2: 3月 | G2: 4月 | H2: 5月 | I2: 6月 | J2: 7月 | K2: 8月 | L2: 9月 | M2: 10月 | N2: 11月 | O2: 12月 | P2: YTD | T2: 月份 | U2: 1月 | V2: 2月 | W2: 3月 | X2: 4月 | Y2: 5月 | Z2: 6月 | AA2: 7月 | AB2: 8月 | AC2: 9月 | AD2: 10月 | AE2: 11月 | AF2: 12月 | AG2: YTD
A3: Rejected Qty | B3: 大线 | C3: KID CYCLING | P3: =SUM(D3:O3) -> 0 | R3: Rejected Qty | S3: 大线 | T3: KID CYCLING | AG3: =SUM(U3:AF3) -> 0
C4: 山地ST | D4: 52 | E4: 45 | F4: 56 | G4: 36 | H4: 29 | I4: 48 | P4: =SUM(D4:O4) -> 266 | T4: 山地ST | AG4: =SUM(U4:AF4) -> 0
C5: 山地XC/AM/Race | P5: =SUM(D5:O5) -> 0 | T5: 山地XC/AM/Race | AG5: =SUM(U5:AF5) -> 0
C6: Hybrid Bike | P6: =SUM(D6:O6) -> 0 | T6: Hybrid Bike | AG6: =SUM(U6:AF6) -> 0
C7: 公路RC | P7: =SUM(D7:O7) -> 0 | T7: 公路RC | AG7: =SUM(U7:AF7) -> 0
C8: 大线GRVL | I8: 78 | P8: =SUM(D8:O8) -> 78 | T8: 大线GRVL | AG8: =SUM(U8:AF8) -> 0
C9: 大线EDR | G9: 3 | H9: 2 | P9: =SUM(D9:O9) -> 5 | T9: 大线EDR | AG9: =SUM(U9:AF9) -> 0
C10: Total | D10: =sum(D3:D9) -> 52 | E10: =sum(E3:E9) -> 45 | F10: =sum(F3:F9) -> 56 | G10: =sum(G3:G9) -> 39 | H10: =sum(H3:H9) -> 31 | I10: =sum(I3:I9) -> 126 | J10: =sum(J3:J9) -> 0 | K10: =sum(K3:K9) -> 0 | ... P10: =sum(P3:P9) -> 349 | T10: Total | U10: =sum(U3:U9) -> 0 | V10: =sum(V3:V9) -> 0 | W10: =sum(W3:W9) -> 0 | X10: =sum(X3:X9) -> 0 | Y10: =sum(Y3:Y9) -> 0 | Z10: =sum(Z3:Z9) -> 0 | AA10: =sum(AA3:AA9) -> 0 | AB10: =sum(AB3:AB9) -> 0 | ... AG10: =sum(AG3:AG9) -> 0
B11: 小线 | C11: 小线GRVL | F11: 2 | P11: =SUM(D11:O11) -> 2 | S11: 小线 | T11: 小线GRVL | AG11: =SUM(U11:AF11) -> 0
C12: 小线EDR | P12: =SUM(D12:O12) -> 0 | T12: 小线EDR | AG12: =SUM(U12:AF12) -> 0
C13: 小线RCR | P13: =SUM(D13:O13) -> 0 | T13: 小线RCR | Z13: 0 | AA13: 0 | AB13: 0 | AC13: 0 | AD13: 0 | AE13: 0 | AG13: =SUM(U13:AF13) -> 0
C14: Touring | P14: =SUM(D14:O14) -> 0 | T14: Touring | AG14: =SUM(U14:AF14) -> 0
C15: 小线XC | P15: =SUM(D15:O15) -> 0 | T15: 小线XC
C16: Carbon Wheel | P16: =SUM(D16:O16) -> 0
C17: Total | D17: =SUM(D11:D16) -> 0 | E17: =SUM(E11:E16) -> 0 | F17: =SUM(F11:F16) -> 2 | G17: =SUM(G11:G16) -> 0 | H17: =SUM(H11:H16) -> 0 | I17: =SUM(I11:I16) -> 0 | J17: =SUM(J11:J16) -> 0 | K17: =SUM(K11:K16) -> 0 | ... P17: =SUM(P11:P16) -> 2 | T17: Total | U17: =SUM(U11:U14) -> 0 | V17: =SUM(V11:V14) -> 0 | W17: =SUM(W11:W14) -> 0 | X17: =SUM(X11:X15) -> 0 | Y17: =SUM(Y11:Y14) -> 0 | Z17: =SUM(Z11:Z14) -> 0 | AA17: =SUM(AA11:AA14) -> 0 | AB17: =SUM(AB11:AB14) -> 0 | AC17: =SUM(AC11:AC14) -> 0 | AD17: =SUM(AD11:AD14) -> 0 | AE17: =SUM(AE11:AE14) -> 0 | AF17: =SUM(AF11:AF14) -> 0 | AG17: =SUM(U17:AF17) -> 0
B18: Total | C18: 工厂Total | D18: =D10+D17 -> 52 | E18: =E10+E17 -> 45 | F18: =F10+F17 -> 58 | G18: =G10+G17 -> 39 | H18: =H10+H17 -> 31 | I18: =I10+I17 -> 126 | J18: =J10+J17 -> 0 | K18: =K10+K17 -> 0 | ... O18: =O10+O17 -> 0 | P18: =sum(P3:P9,P11:P15) -> 351 | S18: Total | T18: 工厂Total | U18: =sum(U3:U9,U11:U15) -> 0 | V18: =sum(V3:V9,V11:V15) -> 0 | W18: =sum(W3:W9,W11:W15) -> 0 | X18: =sum(X3:X9,X11:X15) -> 0 | Y18: =sum(Y3:Y9,Y11:Y15) -> 0 | Z18: =sum(Z3:Z9,Z11:Z15) -> 0 | AA18: =sum(AA3:AA9,AA11:AA15) -> 0 | AB18: =sum(AB3:AB9,AB11:AB15) -> 0 | ... AG18: =sum(AG3:AG9,AG11:AG15) -> 0
A19: Ship out number | B19: 大线 | C19: KID CYCLING | P19: 2962 | R19: Ship out number | S19: 大线 | T19: KID CYCLING | U19: =D19 | V19: =E19 | W19: =F19 | X19: =G19 | Y19: =H19 | Z19: =I19 | AA19: =J19 | AB19: =K19 | ... AF19: =O19 | AG19: 2962
C20: 山地ST | D20: 8753 | E20: 5000 | F20: 11291 | G20: 13158 | H20: 9928 | I20: 6730 | P20: =SUM(D20:O20) -> 54860 | T20: 山地ST | U20: =D20 -> 8753 | V20: =E20 -> 5000 | W20: =F20 -> 11291 | X20: =G20 -> 13158 | Y20: =H20 -> 9928 | Z20: =I20 -> 6730 | AA20: =J20 | AB20: =K20 | ... AF20: =O20 | AG20: =SUM(U20:AF20) -> 54860
C21: 山地XC/AM/Race | F21: 73 | H21: 21 | I21: 28 | P21: =SUM(D21:O21) -> 122 | T21: 山地XC/AM/Race | U21: =D21 | V21: =E21 | W21: =F21 -> 73 | X21: =G21 | Y21: =H21 -> 21 | Z21: =I21 -> 28 | AA21: =J21 | AB21: =K21 | ... AF21: =O21 | AG21: =SUM(U21:AF21) -> 122
C22: Hybrid Bike | P22: =SUM(D22:O22) -> 0 | T22: Hybrid Bike | U22: =D22 | V22: =E22 | W22: =F22 | X22: =G22 | Y22: =H22 | Z22: =I22 | AA22: =J22 | AB22: =K22 | ... AF22: =O22 | AG22: =SUM(U22:AF22) -> 0
C23: 公路RC | P23: =SUM(D23:O23) -> 0 | T23: 公路RC | U23: =D23 | V23: =E23 | W23: =F23 | X23: =G23 | Y23: =H23 | Z23: =I23 | AA23: =J23 | AB23: =K23 | ... AF23: =O23 | AG23: =SUM(U23:AF23) -> 0
C24: 大线GRVL | H24: 33 | I24: 378 | P24: =SUM(D24:O24) -> 411 | T24: 大线GRVL | U24: =D24 | V24: =E24 | W24: =F24 | X24: =G24 | Y24: =H24 -> 33 | Z24: =I24 -> 378 | AA24: =J24 | AB24: =K24 | ... AF24: =O24 | AG24: =SUM(U24:AF24) -> 411
C25: 大线EDR | D25: 128 | E25: 129 | F25: 163 | G25: 109 | H25: 195 | I25: 297 | P25: =SUM(D25:O25) -> 1021 | T25: 大线EDR | U25: =D25 -> 128 | V25: =E25 -> 129 | W25: =F25 -> 163 | X25: =G25 -> 109 | Y25: =H25 -> 195 | Z25: =I25 -> 297 | AA25: =J25 | AB25: =K25 | ... AF25: =O25 | AG25: =SUM(U25:AF25) -> 1021
C26: Total | D26: =SUM(D19:D25) -> 8881 | E26: =SUM(E19:E25) -> 5129 | F26: =SUM(F19:F25) -> 11527 | G26: =SUM(G19:G25) -> 13267 | H26: =SUM(H19:H25) -> 10177 | I26: =SUM(I19:I25) -> 7433 | J26: =SUM(J19:J25) -> 0 | K26: =SUM(K19:K25) -> 0 | L26: =SUM(L19:L25) -> 0 | M26: =sum(M19:M25) -> 0 | N26: =sum(N19:N25) -> 0 | O26: =sum(O19:O25) -> 0 | P26: =sum(D26:O26) -> 56414 | T26: Total | U26: =sum(U19:U25) -> 8881 | V26: =sum(V19:V25) -> 5129 | W26: =sum(W19:W25) -> 11527 | X26: =sum(X19:X25) -> 13267 | Y26: =sum(Y19:Y25) -> 10177 | AG26: =sum(U26:AF26) -> 48981
B27: 小线 | C27: 小线GRVL | D27: 6 | E27: 18 | P27: =sum(D27:O27) -> 24 | S27: 小线 | T27: 小线GRVL | U27: =D27 -> 6 | V27: =E27 -> 18 | W27: =F27 | X27: =G27 | Y27: =H27 | Z27: =I27 | AA27: =J27 | AB27: =K27 | ... AF27: =O27 | AG27: =sum(U27:AF27) -> 24
C28: 小线EDR | P28: =SUM(D28:O28) -> 0 | T28: 小线EDR | U28: =D28 | V28: =E28 | W28: =F28 | X28: =G28 | Y28: =H28 | Z28: =I28 | AA28: =J28 | AB28: =K28 | ... AF28: =O28 | AG28: =SUM(U28:AF28) -> 0
C29: 小线RCR | D29: 77 | E29: 48 | F29: 156 | G29: 196 | H29: 261 | I29: 440 | P29: =SUM(D29:O29) -> 1178 | T29: 小线RCR | U29: =D29 -> 77 | V29: =E29 -> 48 | W29: =F29 -> 156 | X29: =G29 -> 196 | Y29: =H29 -> 261 | Z29: =I29 -> 440 | AA29: =J29 | AB29: =K29 | ... AF29: =O29 | AG29: =SUM(U29:AF29) -> 1178
C30: Touring | D30: 29 | G30: 17 | P30: =SUM(D30:O30) -> 46 | T30: Touring | U30: =D30 -> 29 | V30: =E30 | W30: =F30 | X30: =G30 -> 17 | Y30: =H30 | Z30: =I30 | AA30: =J30 | AB30: =K30 | ... AF30: =O30 | AG30: =SUM(U30:AF30) -> 46
C31: 小线XC | D31: 4 | H31: 1 | P31: =SUM(D31:O31) -> 5 | T31: 小线XC | U31: =D31 -> 4 | V31: =E31 | W31: =F31 | X31: =G31 | Y31: =H31 -> 1 | Z31: =I31 | AA31: =J31 | AB31: =K31 | ... AF31: =O31 | AG31: =SUM(U31:AF31) -> 5
C32: Carbon Wheel | D32: 116 | E32: 8 | G32: 28 | H32: 126 | I32: 34 | P32: =SUM(D32:O32) -> 312
C33: Total | D33: =sum(D27:D32) -> 232 | E33: =sum(E27:E32) -> 74 | F33: =sum(F27:F32) -> 156 | G33: =sum(G27:G32) -> 241 | H33: =sum(H27:H32) -> 388 | I33: =sum(I27:I32) -> 474 | J33: =sum(J27:J32) -> 0 | K33: =sum(K27:K32) -> 0 | ... P33: =sum(P27:P32) -> 1565 | T33: Total | U33: =D33 -> 232 | V33: =E33 -> 74 | W33: =F33 -> 156 | X33: =G33 -> 241 | Y33: =H33 -> 388 | Z33: =I33 -> 474 | AA33: =J33 -> 0 | AB33: =K33 -> 0 | ... AF33: =O33 -> 0 | AG33: =sum(U33:AF34) -> 59232
B34: Total | C34: 工厂Total | D34: =SUM(D19:D25)+SUM(D27:D31) -> 8997 | E34: =SUM(E19:E25)+SUM(E27:E31) -> 5195 | F34: =SUM(F19:F25)+SUM(F27:F31) -> 11683 | G34: =SUM(G19:G25)+SUM(G27:G31) -> 13480 | H34: =SUM(H19:H25)+SUM(H27:H31) -> 10439 | I34: =SUM(I19:I25)+SUM(I27:I31) -> 7873 | J34: =SUM(J19:J25)+SUM(J27:J31) -> 0 | K34: =SUM(K19:K25)+SUM(K27:K31) -> 0 | L34: =SUM(L19:L25)+SUM(L27:L31) -> 0 | M34: =sum(M19:M25,M27:M31) -> 0 | N34: =sum(N19:N25,N27:N31) -> 0 | O34: =sum(O19:O25,O27:O31) -> 0 | P34: =sum(P19:P25,P27:P31) -> 60629 | S34: Total | T34: 工厂Total | U34: =sum(U19:U25,U27:U31) -> 8997 | V34: =sum(V19:V25,V27:V31) -> 5195 | W34: =sum(W19:W25,W27:W31) -> 11683 | X34: =sum(X19:X25,X27:X31) -> 13480 | Y34: =sum(Y19:Y25,Y27:Y31) -> 10439 | Z34: =sum(Z19:Z25,Z27:Z31) -> 7873 | AA34: =sum(AA19:AA25,AA27:AA31) -> 0 | AB34: =sum(AB19:AB25,AB27:AB31) -> 0 | ... AG34: =sum(AG19:AG25,AG27:AG31) -> 60629
A35: PPM | B35: 大线 | C35: KID CYCLING | D35: =(D3/D19)*1000000 -> #DIV/0! | E35: =(E3/E19)*1000000 -> #DIV/0! | F35: =(F3/F19)*1000000 -> #DIV/0! | G35: =(G3/G19)*1000000 -> #DIV/0! | H35: =(H3/H19)*1000000 -> #DIV/0! | I35: =(I3/I19)*1000000 -> #DIV/0! | J35: =(J3/J19)*1000000 -> #DIV/0! | K35: =(K3/K19)*1000000 -> #DIV/0! | ... P35: =(P3/P19)*1000000 -> 0 | R35: DPPM | S35: 大线 | T35: KID CYCLING | U35: =(U3/U19)*1000000 -> #DIV/0! | V35: =(V3/V19)*1000000 -> #DIV/0! | W35: =(W3/W19)*1000000 -> #DIV/0! | X35: =(X3/X19)*1000000 -> #DIV/0! | Y35: =(Y3/Y19)*1000000 -> #DIV/0! | Z35: =(Z3/Z19)*1000000 -> #DIV/0! | AA35: =(AA3/AA19)*1000000 -> #DIV/0! | AB35: =(AB3/AB19)*1000000 -> #DIV/0! | ... AG35: =(AG3/AG19)*1000000 -> 0
C36: 山地ST | D36: =(D4/D20)*1000000 -> 5940.8203 | E36: =(E4/E20)*1000000 -> 9000 | F36: =(F4/F20)*1000000 -> 4959.7024 | G36: =(G4/G20)*1000000 -> 2735.9781 | H36: =(H4/H20)*1000000 -> 2921.0314 | I36: =(I4/I20)*1000000 -> 7132.2437 | J36: =(J4/J20)*1000000 -> #DIV/0! | K36: =(K4/K20)*1000000 -> #DIV/0! | ... P36: =(P4/P20)*1000000 -> 4848.7058 | T36: 山地ST | U36: =(U4/U20)*1000000 -> 0 | V36: =(V4/V20)*1000000 -> 0 | W36: =(W4/W20)*1000000 -> 0 | X36: =(X4/X20)*1000000 -> 0 | Y36: =(Y4/Y20)*1000000 -> 0 | Z36: =(Z4/Z20)*1000000 -> 0 | AA36: =(AA4/AA20)*1000000 -> #DIV/0! | AB36: =(AB4/AB20)*1000000 -> #DIV/0! | ... AG36: =(AG4/AG20)*1000000 -> 0
C37: 山地XC/AM/Race | D37: =(D5/D21)*1000000 -> #DIV/0! | E37: =(E5/E21)*1000000 -> #DIV/0! | F37: =(F5/F21)*1000000 -> 0 | G37: =(G5/G21)*1000000 -> #DIV/0! | H37: =(H5/H21)*1000000 -> 0 | I37: =(I5/I21)*1000000 -> 0 | J37: =(J5/J21)*1000000 -> #DIV/0! | K37: =(K5/K21)*1000000 -> #DIV/0! | ... P37: =(P5/P21)*1000000 -> 0 | T37: 山地XC/AM/Race | U37: =(U5/U21)*1000000 -> #DIV/0! | V37: =(V5/V21)*1000000 -> #DIV/0! | W37: =(W5/W21)*1000000 -> 0 | X37: =(X5/X21)*1000000 -> #DIV/0! | Y37: =(Y5/Y21)*1000000 -> 0 | Z37: =(Z5/Z21)*1000000 -> 0 | AA37: =(AA5/AA21)*1000000 -> #DIV/0! | AB37: =(AB5/AB21)*1000000 -> #DIV/0! | ... AG37: =(AG5/AG21)*1000000 -> 0
C38: Hybrid Bike | D38: =(D6/D22)*1000000 -> #DIV/0! | E38: =(E6/E22)*1000000 -> #DIV/0! | F38: =(F6/F22)*1000000 -> #DIV/0! | G38: =(G6/G22)*1000000 -> #DIV/0! | H38: =(H6/H22)*1000000 -> #DIV/0! | I38: =(I6/I22)*1000000 -> #DIV/0! | J38: =(J6/J22)*1000000 -> #DIV/0! | K38: =(K6/K22)*1000000 -> #DIV/0! | ... P38: =(P6/P22)*1000000 -> #DIV/0! | T38: Hybrid Bike | U38: =(U6/U22)*1000000 -> #DIV/0! | V38: =(V6/V22)*1000000 -> #DIV/0! | W38: =(W6/W22)*1000000 -> #DIV/0! | X38: =(X6/X22)*1000000 -> #DIV/0! | Y38: =(Y6/Y22)*1000000 -> #DIV/0! | Z38: =(Z6/Z22)*1000000 -> #DIV/0! | AA38: =(AA6/AA22)*1000000 -> #DIV/0! | AB38: =(AB6/AB22)*1000000 -> #DIV/0! | ... AG38: =(AG6/AG22)*1000000 -> #DIV/0!
C39: 公路RC | D39: =(D7/D23)*1000000 -> #DIV/0! | E39: =(E7/E23)*1000000 -> #DIV/0! | F39: =(F7/F23)*1000000 -> #DIV/0! | G39: =(G7/G23)*1000000 -> #DIV/0! | H39: =(H7/H23)*1000000 -> #DIV/0! | I39: =(I7/I23)*1000000 -> #DIV/0! | J39: =(J7/J23)*1000000 -> #DIV/0! | K39: =(K7/K23)*1000000 -> #DIV/0! | ... P39: =(P7/P23)*1000000 -> #DIV/0! | T39: 公路RC | U39: =(U7/U23)*1000000 -> #DIV/0! | V39: =(V7/V23)*1000000 -> #DIV/0! | W39: =(W7/W23)*1000000 -> #DIV/0! | X39: =(X7/X23)*1000000 -> #DIV/0! | Y39: =(Y7/Y23)*1000000 -> #DIV/0! | Z39: =(Z7/Z23)*1000000 -> #DIV/0! | AA39: =(AA7/AA23)*1000000 -> #DIV/0! | AB39: =(AB7/AB23)*1000000 -> #DIV/0! | ... AG39: =(AG7/AG23)*1000000 -> #DIV/0!
C40: 大线GRVL | D40: =(D8/D24)*1000000 -> #DIV/0! | E40: =(E8/E24)*1000000 -> #DIV/0! | F40: =(F8/F24)*1000000 -> #DIV/0! | G40: =(G8/G24)*1000000 -> #DIV/0! | H40: =(H8/H24)*1000000 -> 0 | I40: =(I8/I24)*1000000 -> 206349.21 | J40: =(J8/J24)*1000000 -> #DIV/0! | K40: =(K8/K24)*1000000 -> #DIV/0! | ... P40: =(P8/P24)*1000000 -> 189781.02 | T40: 大线GRVL | U40: =(U8/U24)*1000000 -> #DIV/0! | V40: =(V8/V24)*1000000 -> #DIV/0! | W40: =(W8/W24)*1000000 -> #DIV/0! | X40: =(X8/X24)*1000000 -> #DIV/0! | Y40: =(Y8/Y24)*1000000 -> 0 | Z40: =(Z8/Z24)*1000000 -> 0 | AA40: =(AA8/AA24)*1000000 -> #DIV/0! | AB40: =(AB8/AB24)*1000000 -> #DIV/0! | ... AG40: =(AG8/AG24)*1000000 -> 0
C41: 大线EDR | D41: =(D9/D25)*1000000 -> 0 | E41: =(E9/E25)*1000000 -> 0 | F41: =(F9/F25)*1000000 -> 0 | G41: =(G9/G25)*1000000 -> 27522.936 | H41: =(H9/H25)*1000000 -> 10256.41 | I41: =(I9/I25)*1000000 -> 0 | J41: =(J9/J25)*1000000 -> #DIV/0! | K41: =(K9/K25)*1000000 -> #DIV/0! | ... P41: =(P9/P25)*1000000 -> 4897.1596 | T41: 大线EDR | U41: =(U9/U25)*1000000 -> 0 | V41: =(V9/V25)*1000000 -> 0 | W41: =(W9/W25)*1000000 -> 0 | X41: =(X9/X25)*1000000 -> 0 | Y41: =(Y9/Y25)*1000000 -> 0 | Z41: =(Z9/Z25)*1000000 -> 0 | AA41: =(AA9/AA25)*1000000 -> #DIV/0! | AB41: =(AB9/AB25)*1000000 -> #DIV/0! | ... AG41: =(AG9/AG25)*1000000 -> 0
C42: 大线Total | D42: =(D10/D26)*1000000 -> 5855.1965 | E42: =(E10/E26)*1000000 -> 8773.6401 | F42: =(F10/F26)*1000000 -> 4858.1591 | G42: =(G10/G26)*1000000 -> 2939.6246 | H42: =(H10/H26)*1000000 -> 3046.0843 | I42: =(I10/I26)*1000000 -> 16951.433 | J42: =(J10/J26)*1000000 -> #DIV/0! | K42: =(K10/K26)*1000000 -> #DIV/0! | ... P42: =(P10/P26)*1000000 -> 6186.4076 | T42: 大线Total | U42: =(U10/U26)*1000000 -> 0 | V42: =(V10/V26)*1000000 -> 0 | W42: =(W10/W26)*1000000 -> 0 | X42: =(X10/X26)*1000000 -> 0 | Y42: =(Y10/Y26)*1000000 -> 0 | Z42: =(Z10/Z26)*1000000 -> #DIV/0! | AA42: =(AA10/AA26)*1000000 -> #DIV/0! | AB42: =(AB10/AB26)*1000000 -> #DIV/0! | ... AG42: =(AG10/AG26)*1000000 -> 0
B43: 小线 | C43: 小线GRVL | D43: =(D11/D27)*1000000 -> 0 | E43: =(E11/E27)*1000000 -> 0 | F43: =(F11/F27)*1000000 -> #DIV/0! | G43: =(G11/G27)*1000000 -> #DIV/0! | H43: =(H11/H27)*1000000 -> #DIV/0! | I43: =(I11/I27)*1000000 -> #DIV/0! | J43: =(J11/J27)*1000000 -> #DIV/0! | K43: =(K11/K27)*1000000 -> #DIV/0! | ... P43: =(P11/P27)*1000000 -> 83333.333 | S43: 小线 | T43: 小线GRVL | U43: =(U11/U27)*1000000 -> 0 | V43: =(V11/V27)*1000000 -> 0 | W43: =(W11/W27)*1000000 -> #DIV/0! | X43: =(X11/X27)*1000000 -> #DIV/0! | Y43: =(Y11/Y27)*1000000 -> #DIV/0! | Z43: =(Z11/Z27)*1000000 -> #DIV/0! | AA43: =(AA11/AA27)*1000000 -> #DIV/0! | AB43: =(AB11/AB27)*1000000 -> #DIV/0! | ... AG43: =(AG11/AG27)*1000000 -> 0
C44: 小线EDR | D44: =(D12/D28)*1000000 -> #DIV/0! | E44: =(E12/E28)*1000000 -> #DIV/0! | F44: =(F12/F28)*1000000 -> #DIV/0! | G44: =(G12/G28)*1000000 -> #DIV/0! | H44: =(H12/H28)*1000000 -> #DIV/0! | I44: =(I12/I28)*1000000 -> #DIV/0! | J44: =(J12/J28)*1000000 -> #DIV/0! | K44: =(K12/K28)*1000000 -> #DIV/0! | ... P44: =(P12/P28)*1000000 -> #DIV/0! | T44: 小线EDR | U44: =(U12/U28)*1000000 -> #DIV/0! | V44: =(V12/V28)*1000000 -> #DIV/0! | W44: =(W12/W28)*1000000 -> #DIV/0! | X44: =(X12/X28)*1000000 -> #DIV/0! | Y44: =(Y12/Y28)*1000000 -> #DIV/0! | Z44: =(Z12/Z28)*1000000 -> #DIV/0! | AA44: =(AA12/AA28)*1000000 -> #DIV/0! | AB44: =(AB12/AB28)*1000000 -> #DIV/0! | ... AG44: =(AG12/AG28)*1000000 -> #DIV/0!
C45: 小线RCR | D45: =(D13/D29)*1000000 -> 0 | E45: =(E13/E29)*1000000 -> 0 | F45: =(F13/F29)*1000000 -> 0 | G45: =(G13/G29)*1000000 -> 0 | H45: =(H13/H29)*1000000 -> 0 | I45: =(I13/I29)*1000000 -> 0 | J45: =(J13/J29)*1000000 -> #DIV/0! | K45: =(K13/K29)*1000000 -> #DIV/0! | ... P45: =(P13/P29)*1000000 -> 0 | T45: 小线RCR | U45: =(U13/U29)*1000000 -> 0 | V45: =(V13/V29)*1000000 -> 0 | W45: =(W13/W29)*1000000 -> 0 | X45: =(X13/X29)*1000000 -> 0 | Y45: =(Y13/Y29)*1000000 -> 0 | Z45: =(Z13/Z29)*1000000 -> 0 | AA45: =(AA13/AA29)*1000000 -> #DIV/0! | AB45: =(AB13/AB29)*1000000 -> #DIV/0! | ... AG45: =(AG13/AG29)*1000000 -> 0
C46: Touring | D46: =(D14/D30)*1000000 -> 0 | E46: =(E14/E30)*1000000 -> #DIV/0! | F46: =(F14/F30)*1000000 -> #DIV/0! | G46: =(G14/G30)*1000000 -> 0 | H46: =(H14/H30)*1000000 -> #DIV/0! | I46: =(I14/I30)*1000000 -> #DIV/0! | J46: =(J14/J30)*1000000 -> #DIV/0! | K46: =(K14/K30)*1000000 -> #DIV/0! | ... P46: =(P14/P30)*1000000 -> 0 | T46: Touring | U46: =(U14/U30)*1000000 -> 0 | V46: =(V14/V30)*1000000 -> #DIV/0! | W46: =(W14/W30)*1000000 -> #DIV/0! | X46: =(X14/X30)*1000000 -> 0 | Y46: =(Y14/Y30)*1000000 -> #DIV/0! | Z46: =(Z14/Z30)*1000000 -> #DIV/0! | AA46: =(AA14/AA30)*1000000 -> #DIV/0! | AB46: =(AB14/AB30)*1000000 -> #DIV/0! | ... AG46: =(AG14/AG30)*1000000 -> 0
C47: 小线XC | D47: =(D15/D31)*1000000 -> 0 | E47: =(E15/E31)*1000000 -> #DIV/0! | F47: =(F15/F31)*1000000 -> #DIV/0! | G47: =(G15/G31)*1000000 -> #DIV/0! | H47: =(H15/H31)*1000000 -> 0 | I47: =(I15/I31)*1000000 -> #DIV/0! | J47: =(J15/J31)*1000000 -> #DIV/0! | K47: =(K15/K31)*1000000 -> #DIV/0! | ... P47: =(P15/P31)*1000000 -> 0 | T47: 小线XC | U47: =(U15/U31)*1000000 -> 0 | V47: =(V15/V31)*1000000 -> #DIV/0! | W47: =(W15/W31)*1000000 -> #DIV/0! | X47: =(X15/X31)*1000000 -> #DIV/0! | Y47: =(Y15/Y31)*1000000 -> 0 | Z47: =(Z15/Z31)*1000000 -> #DIV/0! | AA47: =(AA15/AA31)*1000000 -> #DIV/0! | AB47: =(AB15/AB31)*1000000 -> #DIV/0! | ... AG47: =(AG15/AG31)*1000000 -> 0
C48: Carbon Wheel | D48: =(D16/D32)*1000000 -> 0 | E48: =(E16/E32)*1000000 -> 0 | F48: =(F16/F32)*1000000 -> #DIV/0! | G48: =(G16/G32)*1000000 -> 0 | H48: =(H16/H32)*1000000 -> 0 | I48: =(I16/I32)*1000000 -> 0 | J48: =(J16/J32)*1000000 -> #DIV/0! | K48: =(K16/K32)*1000000 -> #DIV/0! | ... P48: =(P16/P32)*1000000 -> 0
C49: 小线Total | D49: =(D17/D33)*1000000 -> 0 | E49: =(E17/E33)*1000000 -> 0 | F49: =(F17/F33)*1000000 -> 12820.513 | G49: =(G17/G33)*1000000 -> 0 | H49: =(H17/H33)*1000000 -> 0 | I49: =(I17/I33)*1000000 -> 0 | J49: =(J17/J33)*1000000 -> #DIV/0! | K49: =(K17/K33)*1000000 -> #DIV/0! | ... P49: =(P17/P33)*1000000 -> 1277.9553 | T49: 小线Total | U49: =(U17/U33)*1000000 -> 0 | V49: =(V17/V33)*1000000 -> 0 | W49: =(W17/W33)*1000000 -> 0 | X49: =(X17/X33)*1000000 -> 0 | Y49: =(Y17/Y33)*1000000 -> 0 | Z49: =(Z17/Z33)*1000000 -> 0 | AA49: =(AA17/AA33)*1000000 -> #DIV/0! | AB49: =(AB17/AB33)*1000000 -> #DIV/0! | ... AG49: =(AG17/AG33)*1000000 -> 0
B50: Total | C50: 工厂Total PPM | D50: =(D18/D34)*1000000 -> 5779.7043 | E50: =(E18/E34)*1000000 -> 8662.1752 | F50: =(F18/F34)*1000000 -> 4964.4783 | G50: =(G18/G34)*1000000 -> 2893.1751 | H50: =(H18/H34)*1000000 -> 2969.6331 | I50: =(I18/I34)*1000000 -> 16004.065 | J50: =(J18/J34)*1000000 -> #DIV/0! | K50: =(K18/K34)*1000000 -> #DIV/0! | ... P50: =(P18/P34)*1000000 -> 5789.3087 | S50: Total | T50: 工厂Total PPM | U50: =(U18/U34)*1000000 -> 0 | V50: =(V18/V34)*1000000 -> 0 | W50: =(W18/W34)*1000000 -> 0 | X50: =(X18/X34)*1000000 -> 0 | Y50: =(Y18/Y34)*1000000 -> 0 | Z50: =(Z18/Z34)*1000000 -> 0 | AA50: =(AA18/AA34)*1000000 -> #DIV/0! | AB50: =(AB18/AB34)*1000000 -> #DIV/0! | ... AG50: =(AG18/AG34)*1000000 -> 0
A51: PQC Rejected Rate ( Quantity) | B51: 大线 | C51: 大线不良率 | D51: =D10/D26 -> 0.0058551965 | E51: =E10/E26 -> 0.0087736401 | F51: =F10/F26 -> 0.0048581591 | G51: =G10/G26 -> 0.0029396246 | H51: =H10/H26 -> 0.0030460843 | I51: =I10/I26 -> 0.016951433 | J51: =J10/J26 -> #DIV/0! | K51: =K10/K26 -> #DIV/0! | ... P51: =P10/P26 -> 0.0061864076 | R51: FQC Rejected Rate ( Quantity) | S51: 大线 | T51: 大线不良率 | U51: =U10/U26 -> 0 | V51: =V10/V26 -> 0 | W51: =W10/W26 -> 0 | X51: =X10/X26 -> 0 | Y51: =Y10/Y26 -> 0 | Z51: =Z10/Z26 -> #DIV/0! | AA51: =AA10/AA26 -> #DIV/0! | AB51: =AB10/AB26 -> #DIV/0! | ... AG51: =AG10/AG26 -> 0
B52: 小线 | C52: 小线不良率 | D52: =D17/D33 -> 0 | E52: =E17/E33 -> 0 | F52: =F17/F33 -> 0.012820513 | G52: =G17/G33 -> 0 | H52: =H17/H33 -> 0 | I52: =I17/I33 -> 0 | J52: =J17/J33 -> #DIV/0! | K52: =K17/K33 -> #DIV/0! | ... P52: =P17/P33 -> 0.0012779553 | S52: 小线 | T52: 小线不良率 | U52: =U17/U33 -> 0 | V52: =V17/V33 -> 0 | W52: =W17/W33 -> 0 | X52: =X17/X33 -> 0 | Y52: =Y17/Y33 -> 0 | Z52: =Z17/Z33 -> 0 | AA52: =AA17/AA33 -> #DIV/0! | AB52: =AB17/AB33 -> #DIV/0! | ... AG52: =AG17/AG33 -> 0
B53: 工厂Total | C53: 不良率 | D53: =D18/D34 -> 0.0057797043 | E53: =E18/E34 -> 0.0086621752 | F53: =F18/F34 -> 0.0049644783 | G53: =G18/G34 -> 0.0028931751 | H53: =H18/H34 -> 0.0029696331 | I53: =I18/I34 -> 0.016004065 | J53: =J18/J34 -> #DIV/0! | K53: =K18/K34 -> #DIV/0! | ... P53: =P18/P34 -> 0.0057893087 | S53: 工厂Total | T53: 不良率 | U53: =U18/U34 -> 0 | V53: =V18/V34 -> 0 | W53: =W18/W34 -> 0 | X53: =X18/X34 -> 0 | Y53: =Y18/Y34 -> 0 | Z53: =Z18/Z34 -> 0 | AA53: =AA18/AA34 -> #DIV/0! | AB53: =AB18/AB34 -> #DIV/0! | ... AG53: =AG18/AG34 -> 0
A54: PQC Rejected Rate ( batch) | B54: 大线 | C54: Rejected Qty | D54: 0 | E54: 1 | F54: 0 | G54: 0 | H54: 0 | I54: 4 | P54: =sum(D54:O54) -> 5 | R54: FQC Rejected Rate ( batch) | S54: 大线 | T54: Rejected Qty | U54: 0 | V54: 1 | W54: 0 | X54: 0 | AG54: =sum(U54:AF54) -> 1
C55: ship out number | D55: 34 | E55: 9 | F55: 37 | G55: 40 | H55: ='2026 KPI-大小线（FQC)'!H55 -> 35 | I55: 42 | P55: =sum(D55:O55) -> 197 | T55: ship out number | U55: =D55 -> 34 | V55: =E55 -> 9 | W55: =F55 -> 37 | X55: =G55 -> 40 | Y55: =H55 -> 35 | Z55: =I55 -> 42 | AA55: =J55 | AB55: =K55 | ... AF55: =O55 | AG55: =sum(U55:AF55) -> 197
C56: Rejected Rate | D56: =D54/D55 -> 0 | E56: =E54/E55 -> 0.11111111 | F56: =F54/F55 -> 0 | G56: =G54/G55 -> 0 | H56: =H54/H55 -> 0 | I56: =I54/I55 -> 0.095238095 | J56: =J54/J55 -> #DIV/0! | K56: =K54/K55 -> #DIV/0! | ... P56: =P54/P55 -> 0.025380711 | T56: Rejected Rate | U56: =U54/U55 -> 0 | V56: =V54/V55 -> 0.11111111 | W56: =W54/W55 -> 0 | X56: =X54/X55 -> 0 | Y56: =Y54/Y55 -> 0 | Z56: =Z54/Z55 -> 0 | AA56: =AA54/AA55 -> #DIV/0! | AB56: =AB54/AB55 -> #DIV/0! | ... AF56: =AF54/AF55 -> #DIV/0! | AG56: =AG54/AG55*1000000 -> 5076.1421
B57: 小线 | C57: Rejected Qty | D57: 0 | E57: 0 | F57: 0 | G57: 0 | H57: 0 | I57: 0 | P57: =SUM(D57:O57) -> 0 | S57: 小线 | T57: Rejected Qty | U57: 0 | V57: 0 | W57: 0 | X57: 0 | AG57: =SUM(U57:AF57) -> 0
C58: ship out number | D58: 16 | E58: 19 | F58: 11 | G58: 22 | H58: ='2026 KPI-大小线（FQC)'!H58 -> 19 | I58: 15 | P58: =SUM(D58:O58) -> 102 | T58: ship out number | U58: =D58 -> 16 | V58: =E58 -> 19 | W58: =F58 -> 11 | X58: =G58 -> 22 | Y58: =H58 -> 19 | Z58: =I58 -> 15 | AA58: =J58 | AB58: =K58 | ... AF58: =O58 | AG58: =SUM(U58:AF58) -> 102
C59: Rejected Rate | D59: =D57/D58 -> 0 | E59: =E57/E58 -> 0 | F59: =F57/F58 -> 0 | G59: =G57/G58 -> 0 | H59: =H57/H58 -> 0 | I59: =I57/I58 -> 0 | J59: =J57/J58 -> #DIV/0! | K59: =K57/K58 -> #DIV/0! | ... P59: =P57/P58 -> 0 | T59: Rejected Rate | U59: =U57/U58 -> 0 | V59: =V57/V58 -> 0 | W59: =W57/W58 -> 0 | X59: =X57/X58 -> 0 | Y59: =Y57/Y58 -> 0 | Z59: =Z57/Z58 -> 0 | AA59: =AA57/AA58 -> #DIV/0! | AB59: =AB57/AB58 -> #DIV/0! | ... AG59: =AG57/AG58 -> 0
B60: Total | C60: Rejected Qty | D60: =SUM(D54,D57) -> 0 | E60: =SUM(E54,E57) -> 1 | F60: =SUM(F54,F57) -> 0 | G60: =SUM(G54,G57) -> 0 | H60: =SUM(H54,H57) -> 0 | I60: =SUM(I54,I57) -> 4 | J60: =SUM(J54,J57) -> 0 | K60: =SUM(K54,K57) -> 0 | ... O60: =SUM(O54,O57) -> 0 | P60: =SUM(D60:O60) -> 5 | S60: Total | T60: Rejected Qty | U60: =SUM(U54,U57) -> 0 | V60: =SUM(V54,V57) -> 1 | W60: =SUM(W54,W57) -> 0 | X60: =SUM(X54,X57) -> 0 | Y60: =SUM(Y54,Y57) -> 0 | Z60: =SUM(Z54,Z57) -> 0 | AA60: =SUM(AA54,AA57) -> 0 | AB60: =SUM(AB54,AB57) -> 0 | ... AF60: =SUM(AF54,AF57) -> 0 | AG60: =SUM(U60:AF60) -> 1
C61: ship out number | D61: =SUM(D55,D58) -> 50 | E61: =SUM(E55,E58) -> 28 | F61: =SUM(F55,F58) -> 48 | G61: =SUM(G55,G58) -> 62 | H61: =SUM(H55,H58) -> 54 | I61: =SUM(I55,I58) -> 57 | J61: =SUM(J55,J58) -> 0 | K61: =SUM(K55,K58) -> 0 | ... O61: =SUM(O55,O58) -> 0 | P61: =SUM(D61:O61) -> 299 | T61: ship out number | U61: =SUM(U55,U58) -> 50 | V61: =SUM(V55,V58) -> 28 | W61: =SUM(W55,W58) -> 48 | X61: =SUM(X55,X58) -> 62 | Y61: =SUM(Y55,Y58) -> 54 | Z61: =SUM(Z55,Z58) -> 57 | AA61: =SUM(AA55,AA58) -> 0 | AB61: =SUM(AB55,AB58) -> 0 | ... AF61: =SUM(AF55,AF58) -> 0 | AG61: =SUM(U61:AF61) -> 299
C62: Rejected Rate | D62: =D60/D61 -> 0 | E62: =E60/E61 -> 0.035714286 | F62: =F60/F61 -> 0 | G62: =G60/G61 -> 0 | H62: =H60/H61 -> 0 | I62: =I60/I61 -> 0.070175439 | J62: =J60/J61 -> #DIV/0! | K62: =K60/K61 -> #DIV/0! | ... P62: =P60/P61 -> 0.016722408 | T62: Rejected Rate | U62: =U60/U61 -> 0 | V62: =V60/V61 -> 0.035714286 | W62: =W60/W61 -> 0 | X62: =X60/X61 -> 0 | Y62: =Y60/Y61 -> 0 | Z62: =Z60/Z61 -> 0 | AA62: =AA60/AA61 -> #DIV/0! | AB62: =AB60/AB61 -> #DIV/0! | ... AG62: =AG60/AG61 -> 0.0033444816
A63: PQC Rejected Times | B63: 大线 | C63: Rejected Qty | D63: =D54 -> 0 | E63: 1 | F63: =F54 -> 0 | G63: =G54 -> 0 | H63: =H54 -> 0 | I63: =I54 -> 4 | J63: =J54 | K63: =K54 | L63: =L54 | M63: =M54 | ... O63: =O54 | R63: FQC Rejected Times | S63: 大线 | T63: Rejected Qty | U63: =U54 -> 0 | V63: =V54 -> 1 | W63: =W54 -> 0 | X63: =X54 -> 0 | Y63: =Y54 | Z63: =Z54 | AA63: =AA54 | AB63: =AB54 | ... AF63: =AF54
C64: Months | D64: 1 | E64: 2 | F64: 3 | G64: 4 | H64: 5 | I64: 6 | J64: 7 | K64: 8 | L64: 9 | M64: 10 | N64: 11 | O64: 12 | T64: Months | U64: 1 | V64: 2 | W64: 3 | X64: 4 | Y64: 5 | Z64: 6 | AA64: 7 | AB64: 8 | AC64: 9 | AD64: 10 | AE64: 11 | AF64: 12
C65: Monthly times | D65: =D63/D64 -> 0 | E65: =SUM(D63:E63)/E64 -> 0.5 | F65: =SUM(D63:F63)/F64 -> 0.33333333 | G65: =SUM(D63:G63)/G64 -> 0.25 | H65: =SUM(D63:H63)/H64 -> 0.2 | I65: =SUM(D63:I63)/I64 -> 0.83333333 | J65: =SUM(D63:J63)/J64 -> 0.71428571 | K65: =SUM(D63:K63)/K64 -> 0.625 | L65: =SUM(D63:L63)/L64 -> 0.55555556 | M65: =SUM(D63:M63)/M64 -> 0.5 | N65: =SUM(D63:N63)/N64 -> 0.45454545 | O65: =SUM(D63:O63)/O64 -> 0.41666667 | T65: Monthly times | U65: =U63/U64 -> 0 | V65: =SUM(U63:V63)/V64 -> 0.5 | W65: =SUM(U63:W63)/W64 -> 0.33333333 | X65: =SUM(U63:X63)/X64 -> 0.25 | Y65: =SUM(U63:Y63)/Y64 -> 0.2 | Z65: =SUM(U63:Z63)/Z64 -> 0.16666667 | AA65: =SUM(U63:AA63)/AA64 -> 0.14285714 | AB65: =SUM(U63:AB63)/AB64 -> 0.125 | AC65: =SUM(U63:AC63)/AC64 -> 0.11111111 | AD65: =SUM(U63:AD63)/AD64 -> 0.1 | AE65: =SUM(U63:AE63)/AE64 -> 0.090909091 | AF65: =SUM(U63:AF63)/AF64 -> 0.083333333
B66: 小线 | C66: Rejected Qty | D66: =D57 -> 0 | E66: =E57 -> 0 | F66: =F57 -> 0 | G66: =G57 -> 0 | H66: =H57 -> 0 | I66: =I57 -> 0 | J66: =J57 | K66: =K57 | ... O66: =O57 | S66: 小线 | T66: Rejected Qty | U66: =U57 -> 0 | V66: =V57 -> 0 | W66: =W57 -> 0 | X66: =X57 -> 0 | Y66: =Y57 | Z66: =Z57 | AA66: =AA57 | AB66: =AB57 | ... AF66: =AF57
C67: Months | D67: 1 | E67: 2 | F67: 3 | G67: 4 | H67: 5 | I67: 6 | J67: 7 | K67: 8 | L67: 9 | M67: 10 | N67: 11 | O67: 12 | T67: Months | U67: 1 | V67: 2 | W67: 3 | X67: 4 | Y67: 5 | Z67: 6 | AA67: 7 | AB67: 8 | AC67: 9 | AD67: 10 | AE67: 11 | AF67: 12
C68: Monthly times | D68: =D66/D67 -> 0 | E68: =SUM(D66:E66)/E67 -> 0 | F68: =SUM(D66:F66)/F67 -> 0 | G68: =SUM(D66:G66)/G67 -> 0 | H68: =SUM(D66:H66)/H67 -> 0 | I68: =SUM(D66:I66)/I67 -> 0 | J68: =SUM(D66:J66)/J67 -> 0 | K68: =SUM(D66:K66)/K67 -> 0 | L68: =SUM(D66:L66)/L67 -> 0 | M68: =SUM(D66:M66)/M67 -> 0 | N68: =SUM(D66:N66)/N67 -> 0 | O68: =SUM(D66:O66)/O67 -> 0 | T68: Monthly times | U68: =U66/U67 -> 0 | V68: =SUM(U66:V66)/V67 -> 0 | W68: =SUM(U66:W66)/W67 -> 0 | X68: =SUM(U66:X66)/X67 -> 0 | Y68: =SUM(U66:Y66)/Y67 -> 0 | Z68: =SUM(U66:Z66)/Z67 -> 0 | AA68: =SUM(U66:AA66)/AA67 -> 0 | AB68: =SUM(U66:AB66)/AB67 -> 0 | AC68: =SUM(U66:AC66)/AC67 -> 0 | AD68: =SUM(U66:AD66)/AD67 -> 0 | AE68: =SUM(U66:AE66)/AE67 -> 0 | AF68: =SUM(U66:AF66)/AF67 -> 0
B69: 工厂 Total | C69: Rejected Qty | D69: =SUM(D63,D66) -> 0 | E69: =SUM(E63,E66) -> 1 | F69: =SUM(F63,F66) -> 0 | G69: =SUM(G63,G66) -> 0 | H69: =SUM(H63,H66) -> 0 | I69: =SUM(I63,I66) -> 4 | J69: =SUM(J63,J66) -> 0 | K69: =SUM(K63,K66) -> 0 | ... O69: =SUM(O63,O66) -> 0 | S69: 生产 Total | T69: Rejected Qty | U69: =SUM(U63,U66) -> 0 | V69: =SUM(V63,V66) -> 1 | W69: =SUM(W63,W66) -> 0 | X69: =SUM(X63,X66) -> 0 | Y69: =SUM(Y63,Y66) -> 0 | Z69: =SUM(Z63,Z66) -> 0 | AA69: =SUM(AA63,AA66) -> 0 | AB69: =SUM(AB63,AB66) -> 0 | ... AF69: =SUM(AF63,AF66) -> 0
C70: Months | D70: 1 | E70: 2 | F70: 3 | G70: 4 | H70: 5 | I70: 6 | J70: 7 | K70: 8 | L70: 9 | M70: 10 | N70: 11 | O70: 12 | T70: Months | U70: 1 | V70: 2 | W70: 3 | X70: 4 | Y70: 5 | Z70: 6 | AA70: 7 | AB70: 8 | AC70: 9 | AD70: 10 | AE70: 11 | AF70: 12
C71: Monthly times | D71: =D69/D70 -> 0 | E71: =SUM(D69:E69)/E70 -> 0.5 | F71: =SUM($E69:F69)/F70 -> 0.33333333 | G71: =SUM($E69:G69)/G70 -> 0.25 | H71: =SUM($E69:H69)/H70 -> 0.2 | I71: =SUM($E69:I69)/I70 -> 0.83333333 | T71: Monthly times | U71: =U69/U70 -> 0 | V71: =SUM(U69:V69)/V70 -> 0.5 | W71: =SUM(U69:W69)/W70 -> 0.33333333 | X71: =SUM(U69:X69)/X70 -> 0.25 | Y71: =SUM(U69:Y69)/Y70 -> 0.2 | Z71: =SUM(U69:Z69)/Z70 -> 0.16666667 | AA71: =SUM(U69:AA69)/AA70 -> 0.14285714 | AB71: =SUM(U69:AB69)/AB70 -> 0.125 | AC71: =SUM(U69:AC69)/AC70 -> 0.11111111 | AD71: =SUM(U69:AD69)/AD70 -> 0.1 | AE71: =SUM(U69:AE69)/AE70 -> 0.090909091 | AF71: =SUM(U69:AF69)/AF70 -> 0.083333333
F73: =SUM(D71:F71)/F72 -> #DIV/0! | G73: =SUM(D71:G71)/G72 -> #DIV/0! | H73: =SUM(D71:H71)/H72 -> #DIV/0! | I73: =SUM(D71:I71)/I72 -> #DIV/0! | J73: =SUM(D71:J71)/J72 -> #DIV/0! | K73: =SUM(D71:K71)/K72 -> #DIV/0! | L73: =SUM(D71:L71)/L72 -> #DIV/0! | M73: =SUM(D71:M71)/M72 -> #DIV/0! | N73: =SUM(D71:N71)/N72 -> #DIV/0! | O73: =SUM(D71:O71)/O72 -> #DIV/0!

Sheet 2024 KPI-大小线（PQC)
C1: 2024 PQC 拒收率-大小线 | T1: 2024 PQC 拒收率-大小线（生产用）
C2: 月份 | D2: 1月 | E2: 2月 | F2: 3月 | G2: 4月 | H2: 5月 | I2: 6月 | J2: 7月 | K2: 8月 | L2: 9月 | M2: 10月 | N2: 11月 | O2: 12月 | P2: YTD | T2: 月份 | U2: 1月 | V2: 2月 | W2: 3月 | X2: 4月 | Y2: 5月 | Z2: 6月 | AA2: 7月 | AB2: 8月 | AC2: 9月 | AD2: 10月 | AE2: 11月 | AF2: 12月 | AG2: YTD
A3: Rejected Qty | B3: 大线 | C3: KID CYCLING | D3: 2 | K3: 2 | M3: 3 | P3: =SUM(D3:O3) -> 7 | R3: Rejected Qty | S3: 大线 | T3: KID CYCLING | AG3: =SUM(U3:AF3) -> 0
C4: 山地ST | D4: 16 | E4: 10 | F4: 38 | G4: 19 | H4: 10 | I4: 6 | J4: 3 | K4: 20 | L4: 13 | M4: 1 | O4: 4 | P4: =SUM(D4:O4) -> 140 | T4: 山地ST | AG4: =SUM(U4:AF4) -> 0
C5: 山地XC/AM/Race | D5: 3 | E5: 4 | F5: 2 | G5: 6 | I5: 3 | P5: =SUM(D5:O5) -> 18 | T5: 山地XC/AM/Race | AG5: =SUM(U5:AF5) -> 0
C6: Hybrid Bike | E6: 5 | M6: 10 | P6: =SUM(D6:O6) -> 15 | T6: Hybrid Bike | AG6: =SUM(U6:AF6) -> 0
C7: 公路RC | D7: 37 | E7: 4 | F7: 13 | G7: 14 | H7: 13 | I7: 14 | J7: 2 | K7: 9 | M7: 3 | N7: 8 | O7: 6 | P7: =SUM(D7:O7) -> 123 | T7: 公路RC | AG7: =SUM(U7:AF7) -> 0
C8: 大线GRVL | F8: 2 | G8: 3 | I8: 7 | K8: 4 | M8: 1 | P8: =SUM(D8:O8) -> 17 | T8: 大线GRVL | AG8: =SUM(U8:AF8) -> 0
C9: 大线EDR | F9: 6 | G9: 5 | H9: 4 | I9: 2 | K9: 6 | L9: 5 | O9: 28 | P9: =SUM(D9:O9) -> 56 | T9: 大线EDR | AG9: =SUM(U9:AF9) -> 0
C10: Total | D10: =sum(D3:D9) -> 58 | E10: =sum(E3:E9) -> 23 | F10: =sum(F3:F9) -> 61 | G10: =sum(G3:G9) -> 47 | H10: =sum(H3:H9) -> 27 | I10: =sum(I3:I9) -> 32 | J10: =sum(J3:J9) -> 5 | K10: =sum(K3:K9) -> 41 | ... P10: =sum(P3:P9) -> 376 | T10: Total | U10: =sum(U3:U9) -> 0 | V10: =sum(V3:V9) -> 0 | W10: =sum(W3:W9) -> 0 | X10: =sum(X3:X9) -> 0 | Y10: =sum(Y3:Y9) -> 0 | Z10: =sum(Z3:Z9) -> 0 | AA10: =sum(AA3:AA9) -> 0 | AB10: =sum(AB3:AB9) -> 0 | ... AG10: =sum(AG3:AG9) -> 0
B11: 小线 | C11: 小线GRVL | D11: 2 | P11: =SUM(D11:O11) -> 2 | S11: 小线 | T11: 小线GRVL | AG11: =SUM(U11:AF11) -> 0
C12: 小线EDR | D12: 3 | P12: =SUM(D12:O12) -> 3 | T12: 小线EDR | AG12: =SUM(U12:AF12) -> 0
C13: 小线RCR | I13: 0 | J13: 0 | K13: 0 | L13: 0 | M13: 0 | N13: 0 | P13: =SUM(D13:O13) -> 0 | T13: 小线RCR | Z13: 0 | AA13: 0 | AB13: 0 | AC13: 0 | AD13: 0 | AE13: 0 | AG13: =SUM(U13:AF13) -> 0
C14: Touring | P14: =SUM(D14:O14) -> 0 | T14: Touring | AG14: =SUM(U14:AF14) -> 0
C15: 小线XC | T15: 小线XC
C16: Total | D16: =SUM(D11:D14) -> 5 | E16: =SUM(E11:E14) -> 0 | F16: =SUM(F11:F14) -> 0 | G16: =SUM(G11:G15) -> 0 | H16: =SUM(H11:H14) -> 0 | I16: =SUM(I11:I14) -> 0 | J16: =SUM(J11:J14) -> 0 | K16: =SUM(K11:K14) -> 0 | L16: =SUM(L11:L14) -> 0 | M16: =SUM(M11:M14) -> 0 | N16: =SUM(N11:N14) -> 0 | O16: =SUM(O11:O14) -> 0 | P16: =SUM(D16:O16) -> 5 | T16: Total | U16: =SUM(U11:U14) -> 0 | V16: =SUM(V11:V14) -> 0 | W16: =SUM(W11:W14) -> 0 | X16: =SUM(X11:X15) -> 0 | Y16: =SUM(Y11:Y14) -> 0 | Z16: =SUM(Z11:Z14) -> 0 | AA16: =SUM(AA11:AA14) -> 0 | AB16: =SUM(AB11:AB14) -> 0 | AC16: =SUM(AC11:AC14) -> 0 | AD16: =SUM(AD11:AD14) -> 0 | AE16: =SUM(AE11:AE14) -> 0 | AF16: =SUM(AF11:AF14) -> 0 | AG16: =SUM(U16:AF16) -> 0
B17: Total | C17: 工厂Total | D17: =sum(D3:D9,D11:D15) -> 63 | E17: =sum(E3:E9,E11:E15) -> 23 | F17: =sum(F3:F9,F11:F15) -> 61 | G17: =sum(G3:G9,G11:G15) -> 47 | H17: =sum(H3:H9,H11:H15) -> 27 | I17: =sum(I3:I9,I11:I15) -> 32 | J17: =sum(J3:J9,J11:J15) -> 5 | K17: =sum(K3:K9,K11:K15) -> 41 | ... P17: =sum(P3:P9,P11:P15) -> 381 | S17: Total | T17: 工厂Total | U17: =sum(U3:U9,U11:U15) -> 0 | V17: =sum(V3:V9,V11:V15) -> 0 | W17: =sum(W3:W9,W11:W15) -> 0 | X17: =sum(X3:X9,X11:X15) -> 0 | Y17: =sum(Y3:Y9,Y11:Y15) -> 0 | Z17: =sum(Z3:Z9,Z11:Z15) -> 0 | AA17: =sum(AA3:AA9,AA11:AA15) -> 0 | AB17: =sum(AB3:AB9,AB11:AB15) -> 0 | ... AG17: =sum(AG3:AG9,AG11:AG15) -> 0
A18: Ship out number | B18: 大线 | C18: KID CYCLING | D18: 24 | J18: 72 | K18: 48 | L18: 96 | M18: 120 | N18: 24 | P18: 2962 | R18: Ship out number | S18: 大线 | T18: KID CYCLING | U18: 24 | AG18: 2962
C19: 山地ST | D19: 2118 | E19: 1696 | F19: 2576 | G19: 2641 | H19: 3492 | I19: 4107 | J19: 2744 | K19: 4079 | L19: 3060 | M19: 828 | N19: 306 | O19: 993 | P19: =SUM(D19:O19) -> 28640 | T19: 山地ST | U19: 2118 | V19: 1696 | W19: 2576 | X19: 2641 | Y19: 3492 | AG19: =SUM(U19:AF19) -> 12523
C20: 山地XC/AM/Race | D20: 12 | E20: 16 | F20: 32 | G20: 16 | H20: 108 | I20: 52 | J20: 8 | K20: 44 | L20: 120 | M20: 27 | N20: 70 | O20: 7 | P20: =SUM(D20:O20) -> 512 | T20: 山地XC/AM/Race | U20: 12 | V20: 16 | W20: 32 | X20: 16 | Y20: 108 | AG20: =SUM(U20:AF20) -> 184
C21: Hybrid Bike | D21: 90 | E21: 16 | F21: 80 | I21: 80 | K21: 68 | L21: 112 | M21: 136 | N21: 15 | P21: =SUM(D21:O21) -> 597 | T21: Hybrid Bike | U21: 90 | V21: 16 | W21: 80 | AG21: =SUM(U21:AF21) -> 186
C22: 公路RC | D22: 2563 | E22: 253 | F22: 381 | G22: 1374 | H22: 1758 | I22: 2062 | J22: 1475 | K22: 962 | L22: 650 | M22: 560 | N22: 505 | O22: 866 | P22: =SUM(D22:O22) -> 13409 | T22: 公路RC | U22: 2563 | V22: 253 | W22: 381 | X22: 1374 | Y22: 1758 | AG22: =SUM(U22:AF22) -> 6329
C23: 大线GRVL | E23: 115 | F23: 100 | G23: 118 | H23: 278 | I23: 405 | J23: 94 | K23: 144 | M23: 193 | O23: 395 | P23: =SUM(D23:O23) -> 1842 | T23: 大线GRVL | V23: 115 | W23: 100 | X23: 118 | Y23: 278 | AG23: =SUM(U23:AF23) -> 611
C24: 大线EDR | D24: 631 | E24: 426 | F24: 764 | G24: 471 | H24: 1109 | I24: 37 | J24: 446 | K24: 358 | L24: 751 | M24: 330 | O24: 192 | P24: =SUM(D24:O24) -> 5515 | T24: 大线EDR | U24: 631 | V24: 426 | W24: 764 | X24: 471 | Y24: 1109 | AG24: =SUM(U24:AF24) -> 3401
C25: Total | D25: =sum(D18:D24) -> 5438 | E25: =sum(E18:E24) -> 2522 | F25: =sum(F18:F24) -> 3933 | G25: =sum(G18:G24) -> 4620 | H25: =sum(H18:H24) -> 6745 | I25: =sum(I18:I24) -> 6743 | J25: =sum(J18:J24) -> 4839 | K25: =sum(K18:K24) -> 5703 | ... O25: =sum(O18:O24) -> 2453 | P25: =sum(D25:O25) -> 50899 | T25: Total | U25: =sum(U18:U24) -> 5438 | V25: =sum(V18:V24) -> 2522 | W25: =sum(W18:W24) -> 3933 | X25: =sum(X18:X24) -> 4620 | Y25: =sum(Y18:Y24) -> 6745 | AG25: =sum(U25:AF25) -> 23258
B26: 小线 | C26: 小线GRVL | D26: 47 | E26: 210 | F26: 158 | G26: 238 | H26: 229 | I26: 216 | J26: 157 | K26: 224 | L26: 47 | O26: 61 | P26: =sum(D26:O26) -> 1587 | S26: 小线 | T26: 小线GRVL | U26: 47 | V26: 210 | W26: 158 | X26: 238 | Y26: 229 | AG26: =sum(U26:AF26) -> 882
C27: 小线EDR | D27: 139 | E27: 121 | F27: 124 | G27: 568 | H27: 129 | I27: 114 | J27: 225 | K27: 66 | L27: 91 | M27: 66 | O27: 185 | P27: =SUM(D27:O27) -> 1828 | T27: 小线EDR | U27: 139 | V27: 121 | W27: 124 | X27: 568 | Y27: 129 | AG27: =SUM(U27:AF27) -> 1081
C28: 小线RCR | D28: 80 | E28: 57 | F28: 10 | G28: 103 | H28: 128 | I28: 75 | J28: 170 | K28: 233 | L28: 232 | M28: 207 | N28: 73 | O28: 31 | P28: =SUM(D28:O28) -> 1399 | T28: 小线RCR | U28: 80 | V28: 57 | W28: 10 | X28: 103 | Y28: 128 | Z28: 0 | AA28: 0 | AB28: 0 | AC28: 0 | AD28: 0 | AG28: =SUM(U28:AF28) -> 378
C29: Touring | E29: 47 | G29: 50 | J29: 48 | K29: 54 | P29: =SUM(D29:O29) -> 199 | T29: Touring | V29: 47 | X29: 50 | AG29: =SUM(U29:AF29) -> 97
C30: 小线XC | G30: 54 | K30: 14 | L30: 67 | M30: 3 | N30: 64 | P30: =SUM(D30:O30) -> 202 | T30: 小线XC | X30: 54 | AG30: =SUM(U30:AF30) -> 54
C31: Total | D31: =sum(D26:D30) -> 266 | E31: =sum(E26:E30) -> 435 | F31: =sum(F26:F30) -> 292 | G31: =sum(G26:G30) -> 1013 | H31: =sum(H26:H30) -> 486 | I31: =sum(I26:I30) -> 405 | J31: =sum(J26:J30) -> 600 | K31: =sum(K26:K30) -> 591 | ... P31: =sum(P26:P30) -> 5215 | T31: Total | U31: =sum(U26:U30) -> 266 | V31: =sum(V26:V30) -> 435 | W31: =sum(W26:W30) -> 292 | X31: =sum(X26:X30) -> 1013 | Y31: =sum(Y26:Y30) -> 486 | Z31: =sum(Z26:Z30) -> 0 | AA31: =sum(AA26:AA30) -> 0 | AB31: =sum(AB26:AB30) -> 0 | ... AG31: =sum(AG26:AG30) -> 2492
B32: Total | C32: 工厂Total | D32: =sum(D18:D24,D26:D30) -> 5704 | E32: =sum(E18:E24,E26:E30) -> 2957 | F32: =sum(F18:F24,F26:F30) -> 4225 | G32: =sum(G18:G24,G26:G30) -> 5633 | H32: =sum(H18:H24,H26:H30) -> 7231 | I32: =sum(I18:I24,I26:I30) -> 7148 | J32: =sum(J18:J24,J26:J30) -> 5439 | K32: =sum(K18:K24,K26:K30) -> 6294 | ... P32: =sum(P18:P24,P26:P30) -> 58692 | S32: Total | T32: 工厂Total | U32: =sum(U18:U24,U26:U30) -> 5704 | V32: =sum(V18:V24,V26:V30) -> 2957 | W32: =sum(W18:W24,W26:W30) -> 4225 | X32: =sum(X18:X24,X26:X30) -> 5633 | Y32: =sum(Y18:Y24,Y26:Y30) -> 7231 | Z32: =sum(Z18:Z24,Z26:Z30) -> 0 | AA32: =sum(AA18:AA24,AA26:AA30) -> 0 | AB32: =sum(AB18:AB24,AB26:AB30) -> 0 | ... AG32: =sum(AG18:AG24,AG26:AG30) -> 28688
A33: PPM | B33: 大线 | C33: KID CYCLING | D33: =(D3/D18)*1000000 -> 83333.333 | E33: =(E3/E18)*1000000 -> #DIV/0! | F33: =(F3/F18)*1000000 -> #DIV/0! | G33: =(G3/G18)*1000000 -> #DIV/0! | H33: =(H3/H18)*1000000 -> #DIV/0! | I33: =(I3/I18)*1000000 -> #DIV/0! | J33: =(J3/J18)*1000000 -> 0 | K33: =(K3/K18)*1000000 -> 41666.667 | ... P33: =(P3/P18)*1000000 -> 2363.2681 | R33: DPPM | S33: 大线 | T33: KID CYCLING | U33: =(U3/U18)*1000000 -> 0 | V33: =(V3/V18)*1000000 -> #DIV/0! | W33: =(W3/W18)*1000000 -> #DIV/0! | X33: =(X3/X18)*1000000 -> #DIV/0! | Y33: =(Y3/Y18)*1000000 -> #DIV/0! | Z33: =(Z3/Z18)*1000000 -> #DIV/0! | AA33: =(AA3/AA18)*1000000 -> #DIV/0! | AB33: =(AB3/AB18)*1000000 -> #DIV/0! | ... AG33: =(AG3/AG18)*1000000 -> 0
C34: 山地ST | D34: =(D4/D19)*1000000 -> 7554.2965 | E34: =(E4/E19)*1000000 -> 5896.2264 | F34: =(F4/F19)*1000000 -> 14751.553 | G34: =(G4/G19)*1000000 -> 7194.2446 | H34: =(H4/H19)*1000000 -> 2863.6884 | I34: =(I4/I19)*1000000 -> 1460.9204 | J34: =(J4/J19)*1000000 -> 1093.2945 | K34: =(K4/K19)*1000000 -> 4903.1625 | ... P34: =(P4/P19)*1000000 -> 4888.2682 | T34: 山地ST | U34: =(U4/U19)*1000000 -> 0 | V34: =(V4/V19)*1000000 -> 0 | W34: =(W4/W19)*1000000 -> 0 | X34: =(X4/X19)*1000000 -> 0 | Y34: =(Y4/Y19)*1000000 -> 0 | Z34: =(Z4/Z19)*1000000 -> #DIV/0! | AA34: =(AA4/AA19)*1000000 -> #DIV/0! | AB34: =(AB4/AB19)*1000000 -> #DIV/0! | ... AG34: =(AG4/AG19)*1000000 -> 0
C35: 山地XC/AM/Race | D35: =(D5/D20)*1000000 -> 250000 | E35: =(E5/E20)*1000000 -> 250000 | F35: =(F5/F20)*1000000 -> 62500 | G35: =(G5/G20)*1000000 -> 375000 | H35: =(H5/H20)*1000000 -> 0 | I35: =(I5/I20)*1000000 -> 57692.308 | J35: =(J5/J20)*1000000 -> 0 | K35: =(K5/K20)*1000000 -> 0 | ... P35: =(P5/P20)*1000000 -> 35156.25 | T35: 山地XC/AM/Race | U35: =(U5/U20)*1000000 -> 0 | V35: =(V5/V20)*1000000 -> 0 | W35: =(W5/W20)*1000000 -> 0 | X35: =(X5/X20)*1000000 -> 0 | Y35: =(Y5/Y20)*1000000 -> 0 | Z35: =(Z5/Z20)*1000000 -> #DIV/0! | AA35: =(AA5/AA20)*1000000 -> #DIV/0! | AB35: =(AB5/AB20)*1000000 -> #DIV/0! | ... AG35: =(AG5/AG20)*1000000 -> 0
C36: Hybrid Bike | D36: =(D6/D21)*1000000 -> 0 | E36: =(E6/E21)*1000000 -> 312500 | F36: =(F6/F21)*1000000 -> 0 | G36: =(G6/G21)*1000000 -> #DIV/0! | H36: =(H6/H21)*1000000 -> #DIV/0! | I36: =(I6/I21)*1000000 -> 0 | J36: =(J6/J21)*1000000 -> #DIV/0! | K36: =(K6/K21)*1000000 -> 0 | ... P36: =(P6/P21)*1000000 -> 25125.628 | T36: Hybrid Bike | U36: =(U6/U21)*1000000 -> 0 | V36: =(V6/V21)*1000000 -> 0 | W36: =(W6/W21)*1000000 -> 0 | X36: =(X6/X21)*1000000 -> #DIV/0! | Y36: =(Y6/Y21)*1000000 -> #DIV/0! | Z36: =(Z6/Z21)*1000000 -> #DIV/0! | AA36: =(AA6/AA21)*1000000 -> #DIV/0! | AB36: =(AB6/AB21)*1000000 -> #DIV/0! | ... AG36: =(AG6/AG21)*1000000 -> 0
C37: 公路RC | D37: =(D7/D22)*1000000 -> 14436.208 | E37: =(E7/E22)*1000000 -> 15810.277 | F37: =(F7/F22)*1000000 -> 34120.735 | G37: =(G7/G22)*1000000 -> 10189.229 | H37: =(H7/H22)*1000000 -> 7394.7668 | I37: =(I7/I22)*1000000 -> 6789.5247 | J37: =(J7/J22)*1000000 -> 1355.9322 | K37: =(K7/K22)*1000000 -> 9355.5094 | ... P37: =(P7/P22)*1000000 -> 9172.9435 | T37: 公路RC | U37: =(U7/U22)*1000000 -> 0 | V37: =(V7/V22)*1000000 -> 0 | W37: =(W7/W22)*1000000 -> 0 | X37: =(X7/X22)*1000000 -> 0 | Y37: =(Y7/Y22)*1000000 -> 0 | Z37: =(Z7/Z22)*1000000 -> #DIV/0! | AA37: =(AA7/AA22)*1000000 -> #DIV/0! | AB37: =(AB7/AB22)*1000000 -> #DIV/0! | ... AG37: =(AG7/AG22)*1000000 -> 0
C38: 大线GRVL | D38: =(D8/D23)*1000000 -> #DIV/0! | E38: =(E8/E23)*1000000 -> 0 | F38: =(F8/F23)*1000000 -> 20000 | G38: =(G8/G23)*1000000 -> 25423.729 | H38: =(H8/H23)*1000000 -> 0 | I38: =(I8/I23)*1000000 -> 17283.951 | J38: =(J8/J23)*1000000 -> 0 | K38: =(K8/K23)*1000000 -> 27777.778 | ... P38: =(P8/P23)*1000000 -> 9229.0988 | T38: 大线GRVL | U38: =(U8/U23)*1000000 -> #DIV/0! | V38: =(V8/V23)*1000000 -> 0 | W38: =(W8/W23)*1000000 -> 0 | X38: =(X8/X23)*1000000 -> 0 | Y38: =(Y8/Y23)*1000000 -> 0 | Z38: =(Z8/Z23)*1000000 -> #DIV/0! | AA38: =(AA8/AA23)*1000000 -> #DIV/0! | AB38: =(AB8/AB23)*1000000 -> #DIV/0! | ... AG38: =(AG8/AG23)*1000000 -> 0
C39: 大线EDR | D39: =(D9/D24)*1000000 -> 0 | E39: =(E9/E24)*1000000 -> 0 | F39: =(F9/F24)*1000000 -> 7853.4031 | G39: =(G9/G24)*1000000 -> 10615.711 | H39: =(H9/H24)*1000000 -> 3606.853 | I39: =(I9/I24)*1000000 -> 54054.054 | J39: =(J9/J24)*1000000 -> 0 | K39: =(K9/K24)*1000000 -> 16759.777 | ... P39: =(P9/P24)*1000000 -> 10154.125 | T39: 大线EDR | U39: =(U9/U24)*1000000 -> 0 | V39: =(V9/V24)*1000000 -> 0 | W39: =(W9/W24)*1000000 -> 0 | X39: =(X9/X24)*1000000 -> 0 | Y39: =(Y9/Y24)*1000000 -> 0 | Z39: =(Z9/Z24)*1000000 -> #DIV/0! | AA39: =(AA9/AA24)*1000000 -> #DIV/0! | AB39: =(AB9/AB24)*1000000 -> #DIV/0! | ... AG39: =(AG9/AG24)*1000000 -> 0
C40: 大线Total | D40: =(D10/D25)*1000000 -> 10665.686 | E40: =(E10/E25)*1000000 -> 9119.7462 | F40: =(F10/F25)*1000000 -> 15509.789 | G40: =(G10/G25)*1000000 -> 10173.16 | H40: =(H10/H25)*1000000 -> 4002.9652 | I40: =(I10/I25)*1000000 -> 4745.6622 | J40: =(J10/J25)*1000000 -> 1033.2713 | K40: =(K10/K25)*1000000 -> 7189.1987 | ... P40: =(P10/P25)*1000000 -> 7387.1785 | T40: 大线Total | U40: =(U10/U25)*1000000 -> 0 | V40: =(V10/V25)*1000000 -> 0 | W40: =(W10/W25)*1000000 -> 0 | X40: =(X10/X25)*1000000 -> 0 | Y40: =(Y10/Y25)*1000000 -> 0 | Z40: =(Z10/Z25)*1000000 -> #DIV/0! | AA40: =(AA10/AA25)*1000000 -> #DIV/0! | AB40: =(AB10/AB25)*1000000 -> #DIV/0! | ... AG40: =(AG10/AG25)*1000000 -> 0
B41: 小线 | C41: 小线GRVL | D41: =(D11/D26)*1000000 -> 42553.191 | E41: =(E11/E26)*1000000 -> 0 | F41: =(F11/F26)*1000000 -> 0 | G41: =(G11/G26)*1000000 -> 0 | H41: =(H11/H26)*1000000 -> 0 | I41: =(I11/I26)*1000000 -> 0 | J41: =(J11/J26)*1000000 -> 0 | K41: =(K11/K26)*1000000 -> 0 | ... P41: =(P11/P26)*1000000 -> 1260.2394 | S41: 小线 | T41: 小线GRVL | U41: =(U11/U26)*1000000 -> 0 | V41: =(V11/V26)*1000000 -> 0 | W41: =(W11/W26)*1000000 -> 0 | X41: =(X11/X26)*1000000 -> 0 | Y41: =(Y11/Y26)*1000000 -> 0 | Z41: =(Z11/Z26)*1000000 -> #DIV/0! | AA41: =(AA11/AA26)*1000000 -> #DIV/0! | AB41: =(AB11/AB26)*1000000 -> #DIV/0! | ... AG41: =(AG11/AG26)*1000000 -> 0
C42: 小线EDR | D42: =(D12/D27)*1000000 -> 21582.734 | E42: =(E12/E27)*1000000 -> 0 | F42: =(F12/F27)*1000000 -> 0 | G42: =(G12/G27)*1000000 -> 0 | H42: =(H12/H27)*1000000 -> 0 | I42: =(I12/I27)*1000000 -> 0 | J42: =(J12/J27)*1000000 -> 0 | K42: =(K12/K27)*1000000 -> 0 | ... P42: =(P12/P27)*1000000 -> 1641.1379 | T42: 小线EDR | U42: =(U12/U27)*1000000 -> 0 | V42: =(V12/V27)*1000000 -> 0 | W42: =(W12/W27)*1000000 -> 0 | X42: =(X12/X27)*1000000 -> 0 | Y42: =(Y12/Y27)*1000000 -> 0 | Z42: =(Z12/Z27)*1000000 -> #DIV/0! | AA42: =(AA12/AA27)*1000000 -> #DIV/0! | AB42: =(AB12/AB27)*1000000 -> #DIV/0! | ... AG42: =(AG12/AG27)*1000000 -> 0
C43: 小线RCR | D43: =(D13/D28)*1000000 -> 0 | E43: =(E13/E28)*1000000 -> 0 | F43: =(F13/F28)*1000000 -> 0 | G43: =(G13/G28)*1000000 -> 0 | H43: =(H13/H28)*1000000 -> 0 | I43: =(I13/I28)*1000000 -> 0 | J43: =(J13/J28)*1000000 -> 0 | K43: =(K13/K28)*1000000 -> 0 | ... P43: =(P13/P28)*1000000 -> 0 | T43: 小线RCR | U43: =(U13/U28)*1000000 -> 0 | V43: =(V13/V28)*1000000 -> 0 | W43: =(W13/W28)*1000000 -> 0 | X43: =(X13/X28)*1000000 -> 0 | Y43: =(Y13/Y28)*1000000 -> 0 | Z43: =(Z13/Z28)*1000000 -> #DIV/0! | AA43: =(AA13/AA28)*1000000 -> #DIV/0! | AB43: =(AB13/AB28)*1000000 -> #DIV/0! | ... AG43: =(AG13/AG28)*1000000 -> 0
C44: Touring | D44: =(D14/D29)*1000000 -> #DIV/0! | E44: =(E14/E29)*1000000 -> 0 | F44: =(F14/F29)*1000000 -> #DIV/0! | G44: =(G14/G29)*1000000 -> 0 | H44: =(H14/H29)*1000000 -> #DIV/0! | I44: =(I14/I29)*1000000 -> #DIV/0! | J44: =(J14/J29)*1000000 -> 0 | K44: =(K14/K29)*1000000 -> 0 | ... P44: =(P14/P29)*1000000 -> 0 | T44: Touring | U44: =(U14/U29)*1000000 -> #DIV/0! | V44: =(V14/V29)*1000000 -> 0 | W44: =(W14/W29)*1000000 -> #DIV/0! | X44: =(X14/X29)*1000000 -> 0 | Y44: =(Y14/Y29)*1000000 -> #DIV/0! | Z44: =(Z14/Z29)*1000000 -> #DIV/0! | AA44: =(AA14/AA29)*1000000 -> #DIV/0! | AB44: =(AB14/AB29)*1000000 -> #DIV/0! | ... AG44: =(AG14/AG29)*1000000 -> 0
C45: 小线XC | D45: =(D15/D30)*1000000 -> #DIV/0! | E45: =(E15/E30)*1000000 -> #DIV/0! | F45: =(F15/F30)*1000000 -> #DIV/0! | G45: =(G15/G30)*1000000 -> 0 | H45: =(H15/H30)*1000000 -> #DIV/0! | P45: =(P15/P30)*1000000 -> 0 | T45: 小线XC | U45: =(U15/U30)*1000000 -> #DIV/0! | V45: =(V15/V30)*1000000 -> #DIV/0! | W45: =(W15/W30)*1000000 -> #DIV/0! | X45: =(X15/X30)*1000000 -> 0 | Y45: =(Y15/Y30)*1000000 -> #DIV/0! | Z45: =(Z15/Z30)*1000000 -> #DIV/0! | AA45: =(AA15/AA30)*1000000 -> #DIV/0! | AB45: =(AB15/AB30)*1000000 -> #DIV/0! | ... AG45: =(AG15/AG30)*1000000 -> 0
C46: 小线Total | D46: =(D16/D31)*1000000 -> 18796.992 | E46: =(E16/E31)*1000000 -> 0 | F46: =(F16/F31)*1000000 -> 0 | G46: =(G16/G31)*1000000 -> 0 | H46: =(H16/H31)*1000000 -> 0 | I46: =(I16/I31)*1000000 -> 0 | J46: =(J16/J31)*1000000 -> 0 | K46: =(K16/K31)*1000000 -> 0 | ... P46: =(P16/P31)*1000000 -> 958.77277 | T46: 小线Total | U46: =(U16/U31)*1000000 -> 0 | V46: =(V16/V31)*1000000 -> 0 | W46: =(W16/W31)*1000000 -> 0 | X46: =(X16/X31)*1000000 -> 0 | Y46: =(Y16/Y31)*1000000 -> 0 | Z46: =(Z16/Z31)*1000000 -> #DIV/0! | AA46: =(AA16/AA31)*1000000 -> #DIV/0! | AB46: =(AB16/AB31)*1000000 -> #DIV/0! | ... AG46: =(AG16/AG31)*1000000 -> 0
B47: Total | C47: 工厂Total PPM | D47: =(D17/D32)*1000000 -> 11044.881 | E47: =(E17/E32)*1000000 -> 7778.1535 | F47: =(F17/F32)*1000000 -> 14437.87 | G47: =(G17/G32)*1000000 -> 8343.689 | H47: =(H17/H32)*1000000 -> 3733.9234 | I47: =(I17/I32)*1000000 -> 4476.7767 | J47: =(J17/J32)*1000000 -> 919.28663 | K47: =(K17/K32)*1000000 -> 6514.1405 | ... P47: =(P17/P32)*1000000 -> 6491.515 | S47: Total | T47: 工厂Total PPM | U47: =(U17/U32)*1000000 -> 0 | V47: =(V17/V32)*1000000 -> 0 | W47: =(W17/W32)*1000000 -> 0 | X47: =(X17/X32)*1000000 -> 0 | Y47: =(Y17/Y32)*1000000 -> 0 | Z47: =(Z17/Z32)*1000000 -> #DIV/0! | AA47: =(AA17/AA32)*1000000 -> #DIV/0! | AB47: =(AB17/AB32)*1000000 -> #DIV/0! | ... AG47: =(AG17/AG32)*1000000 -> 0
A48: PQC Rejected Rate ( Quantity) | B48: 大线 | C48: 大线不良率 | D48: =D10/D25 -> 0.010665686 | E48: =E10/E25 -> 0.0091197462 | F48: =F10/F25 -> 0.015509789 | G48: =G10/G25 -> 0.01017316 | H48: =H10/H25 -> 0.0040029652 | I48: =I10/I25 -> 0.0047456622 | J48: =J10/J25 -> 0.0010332713 | K48: =K10/K25 -> 0.0071891987 | ... P48: =P10/P25 -> 0.0073871785 | R48: FQC Rejected Rate ( Quantity) | S48: 大线 | T48: 大线不良率 | U48: =U10/U25 -> 0 | V48: =V10/V25 -> 0 | W48: =W10/W25 -> 0 | X48: =X10/X25 -> 0 | Y48: =Y10/Y25 -> 0 | Z48: =Z10/Z25 -> #DIV/0! | AA48: =AA10/AA25 -> #DIV/0! | AB48: =AB10/AB25 -> #DIV/0! | ... AG48: =AG10/AG25 -> 0
B49: 小线 | C49: 小线不良率 | D49: =D16/D31 -> 0.018796992 | E49: =E16/E31 -> 0 | F49: =F16/F31 -> 0 | G49: =G16/G31 -> 0 | H49: =H16/H31 -> 0 | I49: =I16/I31 -> 0 | J49: =J16/J31 -> 0 | K49: =K16/K31 -> 0 | ... P49: =P16/P31 -> 0.00095877277 | S49: 小线 | T49: 小线不良率 | U49: =U16/U31 -> 0 | V49: =V16/V31 -> 0 | W49: =W16/W31 -> 0 | X49: =X16/X31 -> 0 | Y49: =Y16/Y31 -> 0 | Z49: =Z16/Z31 -> #DIV/0! | AA49: =AA16/AA31 -> #DIV/0! | AB49: =AB16/AB31 -> #DIV/0! | ... AG49: =AG16/AG31 -> 0
B50: 工厂Total | C50: 不良率 | D50: =D17/D32 -> 0.011044881 | E50: =E17/E32 -> 0.0077781535 | F50: =F17/F32 -> 0.01443787 | G50: =G17/G32 -> 0.008343689 | H50: =H17/H32 -> 0.0037339234 | I50: =I17/I32 -> 0.0044767767 | J50: =J17/J32 -> 0.00091928663 | K50: =K17/K32 -> 0.0065141405 | ... P50: =P17/P32 -> 0.006491515 | S50: 工厂Total | T50: 不良率 | U50: =U17/U32 -> 0 | V50: =V17/V32 -> 0 | W50: =W17/W32 -> 0 | X50: =X17/X32 -> 0 | Y50: =Y17/Y32 -> 0 | Z50: =Z17/Z32 -> #DIV/0! | AA50: =AA17/AA32 -> #DIV/0! | AB50: =AB17/AB32 -> #DIV/0! | ... AG50: =AG17/AG32 -> 0
A51: PQC Rejected Rate ( batch) | B51: 大线 | C51: Rejected Qty | D51: 0 | E51: 0 | F51: 1 | G51: 0 | H51: 0 | I51: 0 | J51: 0 | K51: 0 | L51: 0 | M51: 1 | N51: 0 | O51: 1 | P51: =sum(D51:O51) -> 3 | R51: FQC Rejected Rate ( batch) | S51: 大线 | T51: Rejected Qty | U51: 2 | V51: 1 | W51: 1 | X51: 2 | Y51: 0 | AG51: =sum(U51:AF51) -> 6
C52: ship out number | D52: 41 | E52: 25 | F52: 40 | G52: 41 | H52: 52 | I52: 50 | J52: 35 | K52: 42 | L52: 37 | M52: 22 | N52: 10 | O52: 25 | P52: =sum(D52:O52) -> 420 | T52: ship out number | U52: 41 | V52: 25 | W52: 40 | X52: 41 | Y52: 52 | AG52: =sum(U52:AF52) -> 199
C53: Rejected Rate | D53: =D51/D52 -> 0 | E53: =E51/E52 -> 0 | F53: =F51/F52 -> 0.025 | G53: =G51/G52 -> 0 | H53: =H51/H52 -> 0 | I53: =I51/I52 -> 0 | J53: =J51/J52 -> 0 | K53: =K51/K52 -> 0 | ... P53: =P51/P52 -> 0.0071428571 | T53: Rejected Rate | U53: =U51/U52 -> 0.048780488 | V53: =V51/V52 -> 0.04 | W53: =W51/W52 -> 0.025 | X53: =X51/X52 -> 0.048780488 | Y53: =Y51/Y52 -> 0 | Z53: =Z51/Z52 -> #DIV/0! | AA53: =AA51/AA52 -> #DIV/0! | AB53: =AB51/AB52 -> #DIV/0! | ... AF53: =AF51/AF52 -> #DIV/0! | AG53: =AG51/AG52*1000000 -> 30150.754
B54: 小线 | C54: Rejected Qty | D54: 0 | E54: 0 | F54: 0 | G54: 0 | H54: 0 | I54: 0 | J54: 0 | K54: 0 | L54: 0 | M54: 0 | N54: 0 | O54: 0 | P54: =SUM(D54:O54) -> 0 | S54: 小线 | T54: Rejected Qty | U54: 0 | V54: 0 | W54: 0 | X54: 1 | Y54: 0 | AG54: =SUM(U54:AF54) -> 1
C55: ship out number | D55: 13 | E55: 18 | F55: 20 | G55: 26 | H55: 13 | I55: 15 | J55: 19 | K55: 22 | L55: 16 | M55: 13 | N55: 8 | O55: 9 | P55: =SUM(D55:O55) -> 192 | T55: ship out number | U55: 13 | V55: 18 | W55: 20 | X55: 26 | Y55: 13 | AG55: =SUM(U55:AF55) -> 90
C56: Rejected Rate | D56: =D54/D55 -> 0 | E56: =E54/E55 -> 0 | F56: =F54/F55 -> 0 | G56: =G54/G55 -> 0 | H56: =H54/H55 -> 0 | I56: =I54/I55 -> 0 | J56: =J54/J55 -> 0 | K56: =K54/K55 -> 0 | ... P56: =P54/P55 -> 0 | T56: Rejected Rate | U56: =U54/U55 -> 0 | V56: =V54/V55 -> 0 | W56: =W54/W55 -> 0 | X56: =X54/X55 -> 0.038461538 | Y56: =Y54/Y55 -> 0 | Z56: =Z54/Z55 -> #DIV/0! | AA56: =AA54/AA55 -> #DIV/0! | AB56: =AB54/AB55 -> #DIV/0! | ... AG56: =AG54/AG55 -> 0.011111111
B57: Total | C57: Rejected Qty | D57: =SUM(D51,D54) -> 0 | E57: =SUM(E51,E54) -> 0 | F57: =SUM(F51,F54) -> 1 | G57: =SUM(G51,G54) -> 0 | H57: =SUM(H51,H54) -> 0 | I57: =SUM(I51,I54) -> 0 | J57: =SUM(J51,J54) -> 0 | K57: =SUM(K51,K54) -> 0 | ... O57: =SUM(O51,O54) -> 1 | P57: =SUM(D57:O57) -> 3 | S57: Total | T57: Rejected Qty | U57: =SUM(U51,U54) -> 2 | V57: =SUM(V51,V54) -> 1 | W57: =SUM(W51,W54) -> 1 | X57: =SUM(X51,X54) -> 3 | Y57: =SUM(Y51,Y54) -> 0 | AG57: =SUM(U57:AF57) -> 7
C58: ship out number | D58: =SUM(D52,D55) -> 54 | E58: =SUM(E52,E55) -> 43 | F58: =SUM(F52,F55) -> 60 | G58: =SUM(G52,G55) -> 67 | H58: =SUM(H52,H55) -> 65 | I58: =SUM(I52,I55) -> 65 | J58: =SUM(J52,J55) -> 54 | K58: =SUM(K52,K55) -> 64 | ... O58: =SUM(O52,O55) -> 34 | P58: =SUM(D58:O58) -> 612 | T58: ship out number | U58: =SUM(U52,U55) -> 54 | V58: =SUM(V52,V55) -> 43 | W58: =SUM(W52,W55) -> 60 | X58: =SUM(X52,X55) -> 67 | Y58: =SUM(Y52,Y55) -> 65 | AG58: =SUM(U58:AF58) -> 289
C59: Rejected Rate | D59: =D57/D58 -> 0 | E59: =E57/E58 -> 0 | F59: =F57/F58 -> 0.016666667 | G59: =G57/G58 -> 0 | H59: =H57/H58 -> 0 | I59: =I57/I58 -> 0 | J59: =J57/J58 -> 0 | K59: =K57/K58 -> 0 | ... P59: =P57/P58 -> 0.0049019608 | T59: Rejected Rate | U59: =U57/U58 -> 0.037037037 | V59: =V57/V58 -> 0.023255814 | W59: =W57/W58 -> 0.016666667 | X59: =X57/X58 -> 0.044776119 | Y59: =Y57/Y58 -> 0 | Z59: =Z57/Z58 -> #DIV/0! | AA59: =AA57/AA58 -> #DIV/0! | AB59: =AB57/AB58 -> #DIV/0! | ... AG59: =AG57/AG58 -> 0.024221453
A60: PQC Rejected Times | B60: 大线 | C60: Rejected Qty | D60: =D51 -> 0 | E60: =E51 -> 0 | F60: =F51 -> 1 | G60: =G51 -> 0 | H60: =H51 -> 0 | I60: =I51 -> 0 | J60: =J51 -> 0 | K60: =K51 -> 0 | ... O60: =O51 -> 1 | R60: FQC Rejected Times | S60: 大线 | T60: Rejected Qty | U60: =U51 -> 2 | V60: =V51 -> 1 | W60: =W51 -> 1 | X60: =X51 -> 2 | Y60: =Y51 -> 0 | Z60: =Z51 | AA60: =AA51 | AB60: =AB51 | ... AF60: =AF51
C61: Months | D61: 1 | E61: 2 | F61: 3 | G61: 4 | H61: 5 | I61: 6 | J61: 7 | K61: 8 | L61: 9 | M61: 10 | N61: 11 | O61: 12 | T61: Months | U61: 1 | V61: 2 | W61: 3 | X61: 4 | Y61: 5 | Z61: 6 | AA61: 7 | AB61: 8 | AC61: 9 | AD61: 10 | AE61: 11 | AF61: 12
C62: Monthly times | D62: =D60/D61 -> 0 | E62: =SUM(D60:E60)/E61 -> 0 | F62: =SUM(D60:F60)/F61 -> 0.33333333 | G62: =SUM(D60:G60)/G61 -> 0.25 | H62: =SUM(D60:H60)/H61 -> 0.2 | I62: =SUM(D60:I60)/I61 -> 0.16666667 | J62: =SUM(D60:J60)/J61 -> 0.14285714 | K62: =SUM(D60:K60)/K61 -> 0.125 | L62: =SUM(D60:L60)/L61 -> 0.11111111 | M62: =SUM(D60:M60)/M61 -> 0.2 | N62: =SUM(D60:N60)/N61 -> 0.18181818 | O62: =SUM(D60:O60)/O61 -> 0.25 | T62: Monthly times | U62: =U60/U61 -> 2 | V62: =SUM(U60:V60)/V61 -> 1.5 | W62: =SUM(U60:W60)/W61 -> 1.3333333 | X62: =SUM(U60:X60)/X61 -> 1.5 | Y62: =SUM(U60:Y60)/Y61 -> 1.2 | Z62: =SUM(U60:Z60)/Z61 -> 1 | AA62: =SUM(U60:AA60)/AA61 -> 0.85714286 | AB62: =SUM(U60:AB60)/AB61 -> 0.75 | AC62: =SUM(U60:AC60)/AC61 -> 0.66666667 | AD62: =SUM(U60:AD60)/AD61 -> 0.6 | AE62: =SUM(U60:AE60)/AE61 -> 0.54545455 | AF62: =SUM(U60:AF60)/AF61 -> 0.5
B63: 小线 | C63: Rejected Qty | D63: =D54 -> 0 | E63: =E54 -> 0 | F63: =F54 -> 0 | G63: =G54 -> 0 | H63: =H54 -> 0 | I63: =I54 -> 0 | J63: =J54 -> 0 | K63: =K54 -> 0 | ... O63: =O54 -> 0 | S63: 小线 | T63: Rejected Qty | U63: =U54 -> 0 | V63: =V54 -> 0 | W63: =W54 -> 0 | X63: =X54 -> 1 | Y63: =Y54 -> 0 | Z63: =Z54 | AA63: =AA54 | AB63: =AB54 | ... AF63: =AF54
C64: Months | D64: 1 | E64: 2 | F64: 3 | G64: 4 | H64: 5 | I64: 6 | J64: 7 | K64: 8 | L64: 9 | M64: 10 | N64: 11 | O64: 12 | T64: Months | U64: 1 | V64: 2 | W64: 3 | X64: 4 | Y64: 5 | Z64: 6 | AA64: 7 | AB64: 8 | AC64: 9 | AD64: 10 | AE64: 11 | AF64: 12
C65: Monthly times | D65: =D63/D64 -> 0 | E65: =SUM(D63:E63)/E64 -> 0 | F65: =SUM(D63:F63)/F64 -> 0 | G65: =SUM(D63:G63)/G64 -> 0 | H65: =SUM(D63:H63)/H64 -> 0 | I65: =SUM(D63:I63)/I64 -> 0 | J65: =SUM(D63:J63)/J64 -> 0 | K65: =SUM(D63:K63)/K64 -> 0 | L65: =SUM(D63:L63)/L64 -> 0 | M65: =SUM(D63:M63)/M64 -> 0 | N65: =SUM(D63:N63)/N64 -> 0 | O65: =SUM(D63:O63)/O64 -> 0 | T65: Monthly times | U65: =U63/U64 -> 0 | V65: =SUM(U63:V63)/V64 -> 0 | W65: =SUM(U63:W63)/W64 -> 0 | X65: =SUM(U63:X63)/X64 -> 0.25 | Y65: =SUM(U63:Y63)/Y64 -> 0.2 | Z65: =SUM(U63:Z63)/Z64 -> 0.16666667 | AA65: =SUM(U63:AA63)/AA64 -> 0.14285714 | AB65: =SUM(U63:AB63)/AB64 -> 0.125 | AC65: =SUM(U63:AC63)/AC64 -> 0.11111111 | AD65: =SUM(U63:AD63)/AD64 -> 0.1 | AE65: =SUM(U63:AE63)/AE64 -> 0.090909091 | AF65: =SUM(U63:AF63)/AF64 -> 0.083333333
B66: 工厂 Total | C66: Rejected Qty | D66: =SUM(D60,D63) -> 0 | E66: =SUM(E60,E63) -> 0 | F66: =SUM(F60,F63) -> 1 | G66: =SUM(G60,G63) -> 0 | H66: =SUM(H60,H63) -> 0 | I66: =SUM(I60,I63) -> 0 | J66: =SUM(J60,J63) -> 0 | K66: =SUM(K60,K63) -> 0 | ... O66: =SUM(O60,O63) -> 1 | S66: 生产 Total | T66: Rejected Qty | U66: =SUM(U60,U63) -> 2 | V66: =SUM(V60,V63) -> 1 | W66: =SUM(W60,W63) -> 1 | X66: =SUM(X60,X63) -> 3 | Y66: =SUM(Y60,Y63) -> 0 | Z66: =SUM(Z60,Z63) -> 0 | AA66: =SUM(AA60,AA63) -> 0 | AB66: =SUM(AB60,AB63) -> 0 | ... AF66: =SUM(AF60,AF63) -> 0
C67: Months | D67: 1 | E67: 2 | F67: 3 | G67: 4 | H67: 5 | I67: 6 | J67: 7 | K67: 8 | L67: 9 | M67: 10 | N67: 11 | O67: 12 | T67: Months | U67: 1 | V67: 2 | W67: 3 | X67: 4 | Y67: 5 | Z67: 6 | AA67: 7 | AB67: 8 | AC67: 9 | AD67: 10 | AE67: 11 | AF67: 12
C68: Monthly times | D68: =D66/D67 -> 0 | E68: =SUM(D66:E66)/E67 -> 0 | F68: =SUM(D66:F66)/F67 -> 0.33333333 | G68: =SUM(D66:G66)/G67 -> 0.25 | H68: =SUM(D66:H66)/H67 -> 0.2 | I68: =SUM(D66:I66)/I67 -> 0.16666667 | J68: =SUM(D66:J66)/J67 -> 0.14285714 | K68: =SUM(D66:K66)/K67 -> 0.125 | L68: =SUM(D66:L66)/L67 -> 0.11111111 | M68: =SUM(D66:M66)/M67 -> 0.2 | N68: =SUM(D66:N66)/N67 -> 0.18181818 | O68: =SUM(D66:O66)/O67 -> 0.25 | T68: Monthly times | U68: =U66/U67 -> 2 | V68: =SUM(U66:V66)/V67 -> 1.5 | W68: =SUM(U66:W66)/W67 -> 1.3333333 | X68: =SUM(U66:X66)/X67 -> 1.75 | Y68: =SUM(U66:Y66)/Y67 -> 1.4 | Z68: =SUM(U66:Z66)/Z67 -> 1.1666667 | AA68: =SUM(U66:AA66)/AA67 -> 1 | AB68: =SUM(U66:AB66)/AB67 -> 0.875 | AC68: =SUM(U66:AC66)/AC67 -> 0.77777778 | AD68: =SUM(U66:AD66)/AD67 -> 0.7 | AE68: =SUM(U66:AE66)/AE67 -> 0.63636364 | AF68: =SUM(U66:AF66)/AF67 -> 0.58333333

Sheet 2023 KPI跟踪表格（IV)
C1: 2023 IV DPPM
C2: 月份 | D2: 1月 | E2: 2月 | F2: 3月 | G2: 4月 | H2: 5月 | I2: 6月 | J2: 7月 | K2: 8月 | L2: 9月 | M2: 10月 | N2: 11月 | O2: 12月 | P2: YTD
B3: Intern voice Qty | C3: KID CYCLING | D3: 1 | E3: 0 | F3: 0 | G3: 0 | H3: 2 | I3: 2 | J3: 0 | L3: 0 | P3: =SUM(D3:O3) -> 5
C4: 山地ST | D4: 5 | E4: 5 | F4: 12 | G4: 0 | H4: 8 | I4: 7 | J4: 6 | L4: 14 | P4: =SUM(D4:O4) -> 57
C5: 山地XC/AM/Race | D5: 3 | E5: 2 | F5: 0 | G5: 0 | H5: 2 | I5: 1 | J5: 1 | L5: 2 | P5: =SUM(D5:O5) -> 11
C6: 公路RC | D6: 1 | E6: 9 | F6: 9 | G6: 0 | H6: 2 | I6: 2 | J6: 5 | L6: 5 | P6: =SUM(D6:O6) -> 33
C7: 公路GRVL | D7: 0 | E7: 1 | F7: 0 | G7: 0 | H7: 0 | I7: 1 | J7: 4 | L7: 3 | P7: =SUM(D7:O7) -> 9
C8: 公路RCR/EDR | D8: 0 | E8: 4 | F8: 3 | G8: 0 | H8: 0 | I8: 3 | J8: 0 | L8: 1 | P8: =SUM(D8:O8) -> 11
C9: 小线RCR | D9: 0 | E9: 0 | F9: 0 | G9: 0 | H9: 0 | I9: 0 | J9: 0 | K9: 0 | L9: 0 | M9: 0 | N9: 0 | P9: =SUM(D9:O9) -> 0
C10: Hybrid Bike | D10: 0 | E10: 1 | F10: 1 | G10: 0 | H10: 3 | I10: 0 | J10: 1 | L10: 4 | P10: =SUM(D10:O10) -> 10
C11: Touring | D11: 0 | E11: 2 | F11: 0 | G11: 0 | H11: 1 | I11: 0 | J11: 0 | L11: 0 | P11: =SUM(D11:O11) -> 3
C12: Total | D12: =SUM(D3:D11) -> 10 | E12: =SUM(E3:E11) -> 24 | F12: =SUM(F3:F11) -> 25 | G12: =SUM(G3:G11) -> 0 | H12: =SUM(H3:H11) -> 18 | I12: =SUM(I3:I11) -> 16 | J12: =SUM(J3:J11) -> 17 | K12: =SUM(K3:K11) -> 0 | ... O12: =SUM(O3:O11) -> 0 | P12: =SUM(D12:O12) -> 139
B13: Ship out number | C13: KID CYCLING | D13: 1950 | E13: 1008 | F13: 4 | G13: 0.5 | H13: 0.5 | I13: 0.5 | J13: 0.5 | K13: 0.5 | L13: 0.5 | M13: 0.5 | N13: 0.5 | O13: 16 | P13: =SUM(D13:F13,O13) -> 2978
C14: 山地ST | D14: 3457 | E14: 2440 | F14: 2804 | G14: 3553 | H14: 4791 | I14: 2872 | J14: 4780 | K14: 1891 | L14: 1150 | M14: 795 | N14: 1561 | O14: 932 | P14: =SUM(D14:O14) -> 31026
C15: 山地XC/AM/Race | D15: 0.5 | E15: 0.5 | F15: 718 | G15: 430 | H15: 400 | I15: 495 | J15: 669 | K15: 583 | L15: 225 | M15: 211 | N15: 395 | O15: 14 | P15: =SUM(D15:O15) -> 4141
C16: 公路RC | D16: 662 | E16: 1350 | F16: 1259 | G16: 1304 | H16: 978 | I16: 2253 | J16: 1347 | K16: 1807 | L16: 1120 | M16: 2021 | N16: 213 | O16: 169 | P16: =SUM(D16:O16) -> 14483
C17: 公路GRVL | D17: 352 | E17: 139 | F17: 100 | G17: 400 | H17: 1058 | I17: 1046 | J17: 591 | K17: 598 | L17: 374 | M17: 355 | N17: 173 | O17: 429 | P17: =SUM(D17:O17) -> 5615
C18: 公路RCR/EDR | D18: 455 | E18: 30 | F18: 596 | G18: 403 | H18: 1433 | I18: 476 | J18: 1063 | K18: 346 | L18: 775 | M18: 329 | N18: 214 | O18: 153 | P18: =SUM(D18:O18) -> 6273
C19: 小线RCR | D19: 0 | E19: 0 | F19: 0 | G19: 0 | H19: 0 | I19: 0 | J19: 0 | K19: 0 | L19: 0 | M19: 0 | N19: 32 | O19: 15 | P19: =SUM(D19:O19) -> 47
C20: Hybrid Bike | D20: 484 | E20: 176 | F20: 744 | G20: 448 | H20: 120 | I20: 676 | J20: 820 | K20: 64 | L20: 342 | M20: 292 | N20: 218 | O20: 13 | P20: =SUM(D20:O20) -> 4397
C21: Touring | D21: 78 | E21: 0.5 | F21: 77 | G21: 106 | H21: 4 | I21: 358 | J21: 13 | K21: 60 | L21: 0.5 | M21: 108 | N21: 40 | O21: 15 | P21: =SUM(D21:O21) -> 860
C22: Total | D22: =sum(D13:D21) -> 7438.5 | E22: =sum(E13:E21) -> 5144 | F22: =sum(F13:F21) -> 6302 | G22: =sum(G13:G21) -> 6644.5 | H22: =sum(H13:H21) -> 8784.5 | I22: =sum(I13:I21) -> 8176.5 | J22: =sum(J13:J21) -> 9283.5 | K22: =sum(K13:K21) -> 5349.5 | ... P22: =sum(P13:P21) -> 69820
B23: DPPM | C23: KID CYCLING | D23: =(D3/D13)*1000000 -> 512.82051 | E23: =(E3/E13)*1000000 -> 0 | F23: =(F3/F13)*1000000 -> 0 | G23: =(G3/G13)*1000000 -> 0 | H23: =(H3/H13)*1000000 -> 4000000 | I23: =(I3/I13)*1000000 -> 4000000 | J23: =(J3/J13)*1000000 -> 0 | K23: =(K3/K13)*1000000 -> 0 | ... P23: =(P3/P13)*1000000 -> 1678.9792
C24: 山地ST | D24: =(D4/D14)*1000000 -> 1446.3408 | E24: =(E4/E14)*1000000 -> 2049.1803 | F24: =(F4/F14)*1000000 -> 4279.6006 | G24: =(G4/G14)*1000000 -> 0 | H24: =(H4/H14)*1000000 -> 1669.7975 | I24: =(I4/I14)*1000000 -> 2437.3259 | J24: =(J4/J14)*1000000 -> 1255.2301 | K24: =(K4/K14)*1000000 -> 0 | ... P24: =(P4/P14)*1000000 -> 1837.1688
C25: 山地XC/AM/Race | D25: =(D5/D15)*1000000 -> 6000000 | E25: =(E5/E15)*1000000 -> 4000000 | F25: =(F5/F15)*1000000 -> 0 | G25: =(G5/G15)*1000000 -> 0 | H25: =(H5/H15)*1000000 -> 5000 | I25: =(I5/I15)*1000000 -> 2020.202 | J25: =(J5/J15)*1000000 -> 1494.7683 | K25: =(K5/K15)*1000000 -> 0 | ... P25: =(P5/P15)*1000000 -> 2656.3632
C26: 公路RC | D26: =(D6/D16)*1000000 -> 1510.574 | E26: =(E6/E16)*1000000 -> 6666.6667 | F26: =(F6/F16)*1000000 -> 7148.5306 | G26: =(G6/G16)*1000000 -> 0 | H26: =(H6/H16)*1000000 -> 2044.9898 | I26: =(I6/I16)*1000000 -> 887.70528 | J26: =(J6/J16)*1000000 -> 3711.9525 | K26: =(K6/K16)*1000000 -> 0 | ... P26: =(P6/P16)*1000000 -> 2278.5335
C27: 公路GRVL | D27: =(D7/D17)*1000000 -> 0 | E27: =(E7/E17)*1000000 -> 7194.2446 | F27: =(F7/F17)*1000000 -> 0 | G27: =(G7/G17)*1000000 -> 0 | H27: =(H7/H17)*1000000 -> 0 | I27: =(I7/I17)*1000000 -> 956.02294 | J27: =(J7/J17)*1000000 -> 6768.1895 | K27: =(K7/K17)*1000000 -> 0 | ... P27: =(P7/P17)*1000000 -> 1602.8495
C28: 公路RCR/EDR | D28: =(D8/D18)*1000000 -> 0 | E28: =(E8/E18)*1000000 -> 133333.33 | F28: =(F8/F18)*1000000 -> 5033.557 | G28: =(G8/G18)*1000000 -> 0 | H28: =(H8/H18)*1000000 -> 0 | I28: =(I8/I18)*1000000 -> 6302.521 | J28: =(J8/J18)*1000000 -> 0 | K28: =(K8/K18)*1000000 -> 0 | ... P28: =(P8/P18)*1000000 -> 1753.5469
C29: 小线RCR | D29: =D9/D19 -> #DIV/0! | E29: =E9/E19 -> #DIV/0! | F29: =F9/F19 -> #DIV/0! | G29: =G9/G19 -> #DIV/0! | H29: =H9/H19 -> #DIV/0! | I29: =I9/I19 -> #DIV/0! | J29: =J9/J19 -> #DIV/0! | K29: =K9/K19 -> #DIV/0! | ... P29: =P9/P19 -> 0
C30: Hybrid Bike | D30: =(D10/D20)*1000000 -> 0 | E30: =(E10/E20)*1000000 -> 5681.8182 | F30: =(F10/F20)*1000000 -> 1344.086 | G30: =(G10/G20)*1000000 -> 0 | H30: =(H10/H20)*1000000 -> 25000 | I30: =(I10/I20)*1000000 -> 0 | J30: =(J10/J20)*1000000 -> 1219.5122 | K30: =(K10/K20)*1000000 -> 0 | ... P30: =(P10/P20)*1000000 -> 2274.2779
C31: Touring | D31: =(D11/D21)*1000000 -> 0 | E31: =(E11/E21)*1000000 -> 4000000 | F31: =(F11/F21)*1000000 -> 0 | G31: =(G11/G21)*1000000 -> 0 | H31: =(H11/H21)*1000000 -> 250000 | I31: =(I11/I21)*1000000 -> 0 | J31: =(J11/J21)*1000000 -> 0 | K31: =(K11/K21)*1000000 -> 0 | ... P31: =(P11/P21)*1000000 -> 3488.3721
C32: Total | D32: =(D12/D22)*1000000 -> 1344.3571 | E32: =(E12/E22)*1000000 -> 4665.6299 | F32: =(F12/F22)*1000000 -> 3966.9946 | G32: =(G12/G22)*1000000 -> 0 | H32: =(H12/H22)*1000000 -> 2049.0637 | I32: =(I12/I22)*1000000 -> 1956.8275 | J32: =(J12/J22)*1000000 -> 1831.2059 | K32: =(K12/K22)*1000000 -> 0 | ... P32: =(P12/P22)*1000000 -> 1990.8336

Sheet 2023 KPI跟踪表格（FQC)
C1: 2023 FQC 拒收率
C2: 月份 | D2: 1月 | E2: 2月 | F2: 3月 | G2: 4月 | H2: 5月 | I2: 6月 | J2: 7月 | K2: 8月 | L2: 9月 | M2: 10月 | N2: 11月 | O2: 12月 | P2: YTD
B3: FQC 拒收数量 | C3: KID CYCLING | D3: 4 | E3: 2 | F3: 0 | G3: 0 | H3: 0 | I3: 0 | J3: 0 | K3: 0 | L3: 0 | M3: 0 | N3: 0 | O3: 0 | P3: =SUM(D3:O3) -> 6
C4: 山地ST | D4: 3 | E4: 4 | F4: 3 | G4: 65 | H4: 23 | I4: 180 | J4: 4 | K4: 17 | L4: 5 | M4: 3 | N4: 2 | O4: 0 | P4: =SUM(D4:O4) -> 309
C5: 山地XC/AM/Race | D5: 0 | E5: 0 | F5: 22 | G5: 3 | H5: 34 | I5: 6 | J5: 57 | K5: 2 | L5: 3 | M5: 0 | N5: 2 | O5: 0 | P5: =SUM(D5:O5) -> 129
C6: 公路RC | D6: 0 | E6: 8 | F6: 5 | G6: 9 | H6: 3 | I6: 145 | J6: 27 | K6: 14 | L6: 5 | M6: 10 | N6: 3 | O6: 2 | P6: =SUM(D6:O6) -> 231
C7: 公路GRVL | D7: 0 | E7: 0 | F7: 0 | G7: 32 | H7: 6 | I7: 3 | J7: 0 | K7: 3 | L7: 49 | M7: 4 | N7: 2 | O7: 1 | P7: =SUM(D7:O7) -> 100
C8: 公路RCR/EDR | D8: 0 | E8: 0 | F8: 2 | G8: 3 | H8: 4 | I8: 2 | J8: 2 | K8: 0 | L8: 2 | M8: 2 | N8: 4 | O8: 4 | P8: =SUM(D8:O8) -> 25
C9: 小线RCR | D9: 0 | E9: 0 | F9: 0 | G9: 0 | H9: 0 | I9: 0 | J9: 0 | K9: 0 | L9: 0 | M9: 0 | N9: 0 | O9: 0 | P9: =SUM(D9:O9) -> 0
C10: Hybrid Bike | D10: 0 | E10: 1 | F10: 45 | G10: 1 | H10: 0 | I10: 4 | J10: 4 | K10: 1 | L10: 1 | M10: 3 | N10: 0 | O10: 0 | P10: =SUM(D10:O10) -> 60
C11: Touring | D11: 32 | E11: 0 | F11: 0 | G11: 0 | H11: 2 | I11: 1 | J11: 0 | K11: 0 | L11: 0 | M11: 1 | N11: 0 | O11: 0 | P11: =SUM(D11:O11) -> 36
C12: Total | D12: =SUM(D3:D11) -> 39 | E12: =SUM(E3:E11) -> 15 | F12: =SUM(F3:F11) -> 77 | G12: =SUM(G3:G11) -> 113 | H12: =SUM(H3:H11) -> 72 | I12: =SUM(I3:I11) -> 341 | J12: =SUM(J3:J11) -> 94 | K12: =SUM(K3:K11) -> 37 | ... O12: =SUM(O3:O11) -> 7 | P12: =SUM(D12:O12) -> 896 | Q12: 873
B13: Ship out number | C13: KID CYCLING | D13: 1950 | E13: 1008 | F13: 4 | G13: 0.5 | H13: 0.5 | I13: 0.5 | J13: 0.5 | K13: 0.5 | L13: 0.5 | M13: 0.5 | N13: 0.5 | O13: 16 | P13: =SUM(D13:O13) -> 2982
C14: 山地ST | D14: 3457 | E14: 2440 | F14: 2804 | G14: 3553 | H14: 4791 | I14: 2872 | J14: 4780 | K14: 1891 | L14: 1150 | M14: 795 | N14: 1561 | O14: 932 | P14: =SUM(D14:O14) -> 31026
C15: 山地XC/AM/Race | D15: 0.5 | E15: 0.5 | F15: 718 | G15: 430 | H15: 400 | I15: 495 | J15: 669 | K15: 583 | L15: 225 | M15: 211 | N15: 395 | O15: 14 | P15: =SUM(D15:O15) -> 4141
C16: 公路RC | D16: 662 | E16: 1350 | F16: 1259 | G16: 1304 | H16: 978 | I16: 2253 | J16: 1347 | K16: 1807 | L16: 1120 | M16: 2021 | N16: 213 | O16: 169 | P16: =SUM(D16:O16) -> 14483
C17: 公路GRVL | D17: 352 | E17: 139 | F17: 100 | G17: 400 | H17: 1058 | I17: 1046 | J17: 591 | K17: 598 | L17: 374 | M17: 355 | N17: 173 | O17: 429 | P17: =SUM(D17:O17) -> 5615
C18: 公路RCR/EDR | D18: 455 | E18: 30 | F18: 596 | G18: 403 | H18: 1433 | I18: 476 | J18: 1063 | K18: 346 | L18: 775 | M18: 329 | N18: 214 | O18: 153 | P18: =SUM(D18:O18) -> 6273
C19: 小线RCR | D19: 0 | E19: 0 | F19: 0 | G19: 0 | H19: 0 | I19: 0 | J19: 0 | K19: 0 | L19: 0 | M19: 0 | N19: 32 | O19: 15 | P19: =SUM(D19:O19) -> 47
C20: Hybrid Bike | D20: 484 | E20: 176 | F20: 744 | G20: 448 | H20: 120 | I20: 676 | J20: 820 | K20: 64 | L20: 342 | M20: 292 | N20: 218 | O20: 13 | P20: =SUM(D20:O20) -> 4397
C21: Touring | D21: 78 | E21: 0.5 | F21: 77 | G21: 106 | H21: 4 | I21: 358 | J21: 13 | K21: 60 | L21: 0.5 | M21: 108 | N21: 40 | O21: 15 | P21: =SUM(D21:O21) -> 860
C22: Total | D22: =sum(D13:D21) -> 7438.5 | E22: =sum(E13:E21) -> 5144 | F22: =sum(F13:F21) -> 6302 | G22: =sum(G13:G21) -> 6644.5 | H22: =sum(H13:H21) -> 8784.5 | I22: =sum(I13:I21) -> 8176.5 | J22: =sum(J13:J21) -> 9283.5 | K22: =sum(K13:K21) -> 5349.5 | ... P22: =sum(P13:P21) -> 69824 | Q22: 89440
B23: FQC PPM | C23: KID CYCLING | D23: =(D3/D13)*1000000 -> 2051.2821 | E23: =(E3/E13)*1000000 -> 1984.127 | F23: =(F3/F13)*1000000 -> 0 | G23: =(G3/G13)*1000000 -> 0 | H23: =(H3/H13)*1000000 -> 0 | I23: =(I3/I13)*1000000 -> 0 | J23: =(J3/J13)*1000000 -> 0 | K23: =(K3/K13)*1000000 -> 0 | ... P23: =(P3/P13)*1000000 -> 2012.0724
C24: 山地ST | D24: =(D4/D14)*1000000 -> 867.80445 | E24: =(E4/E14)*1000000 -> 1639.3443 | F24: =(F4/F14)*1000000 -> 1069.9001 | G24: =(G4/G14)*1000000 -> 18294.399 | H24: =(H4/H14)*1000000 -> 4800.6679 | I24: =(I4/I14)*1000000 -> 62674.095 | J24: =(J4/J14)*1000000 -> 836.82008 | K24: =(K4/K14)*1000000 -> 8989.9524 | ... P24: =(P4/P14)*1000000 -> 9959.3889
C25: 山地XC/AM/Race | D25: =(D5/D15)*1000000 -> 0 | E25: =(E5/E15)*1000000 -> 0 | F25: =(F5/F15)*1000000 -> 30640.669 | G25: =(G5/G15)*1000000 -> 6976.7442 | H25: =(H5/H15)*1000000 -> 85000 | I25: =(I5/I15)*1000000 -> 12121.212 | J25: =(J5/J15)*1000000 -> 85201.794 | K25: =(K5/K15)*1000000 -> 3430.5317 | ... P25: =(P5/P15)*1000000 -> 31151.896
C26: 公路RC | D26: =(D6/D16)*1000000 -> 0 | E26: =(E6/E16)*1000000 -> 5925.9259 | F26: =(F6/F16)*1000000 -> 3971.4059 | G26: =(G6/G16)*1000000 -> 6901.8405 | H26: =(H6/H16)*1000000 -> 3067.4847 | I26: =(I6/I16)*1000000 -> 64358.633 | J26: =(J6/J16)*1000000 -> 20044.543 | K26: =(K6/K16)*1000000 -> 7747.648 | ... P26: =(P6/P16)*1000000 -> 15949.734
C27: 公路GRVL | D27: =(D7/D17)*1000000 -> 0 | E27: =(E7/E17)*1000000 -> 0 | F27: =(F7/F17)*1000000 -> 0 | G27: =(G7/G17)*1000000 -> 80000 | H27: =(H7/H17)*1000000 -> 5671.0775 | I27: =(I7/I17)*1000000 -> 2868.0688 | J27: =(J7/J17)*1000000 -> 0 | K27: =(K7/K17)*1000000 -> 5016.7224 | ... P27: =(P7/P17)*1000000 -> 17809.439
C28: 公路RCR/EDR | D28: =(D8/D18)*1000000 -> 0 | E28: =(E8/E18)*1000000 -> 0 | F28: =(F8/F18)*1000000 -> 3355.7047 | G28: =(G8/G18)*1000000 -> 7444.1687 | H28: =(H8/H18)*1000000 -> 2791.3468 | I28: =(I8/I18)*1000000 -> 4201.6807 | J28: =(J8/J18)*1000000 -> 1881.4675 | K28: =(K8/K18)*1000000 -> 0 | ... P28: =(P8/P18)*1000000 -> 3985.334
C29: 小线RCR | D29: =(D9/D19)*1000000 -> #DIV/0! | E29: =(E9/E19)*1000000 -> #DIV/0! | F29: =(F9/F19)*1000000 -> #DIV/0! | G29: =(G9/G19)*1000000 -> #DIV/0! | H29: =(H9/H19)*1000000 -> #DIV/0! | I29: =(I9/I19)*1000000 -> #DIV/0! | J29: =(J9/J19)*1000000 -> #DIV/0! | K29: =(K9/K19)*1000000 -> #DIV/0! | ... P29: =(P9/P19)*1000000 -> 0
C30: Hybrid Bike | D30: =(D10/D20)*1000000 -> 0 | E30: =(E10/E20)*1000000 -> 5681.8182 | F30: =(F10/F20)*1000000 -> 60483.871 | G30: =(G10/G20)*1000000 -> 2232.1429 | H30: =(H10/H20)*1000000 -> 0 | I30: =(I10/I20)*1000000 -> 5917.1598 | J30: =(J10/J20)*1000000 -> 4878.0488 | K30: =(K10/K20)*1000000 -> 15625 | ... P30: =(P10/P20)*1000000 -> 13645.667
C31: Touring | D31: =(D11/D21)*1000000 -> 410256.41 | E31: =(E11/E21)*1000000 -> 0 | F31: =(F11/F21)*1000000 -> 0 | G31: =(G11/G21)*1000000 -> 0 | H31: =(H11/H21)*1000000 -> 500000 | I31: =(I11/I21)*1000000 -> 2793.2961 | J31: =(J11/J21)*1000000 -> 0 | K31: =(K11/K21)*1000000 -> 0 | ... P31: =(P11/P21)*1000000 -> 41860.465
C32: Total | D32: =(D12/D22)*1000000 -> 5242.9925 | E32: =(E12/E22)*1000000 -> 2916.0187 | F32: =(F12/F22)*1000000 -> 12218.343 | G32: =(G12/G22)*1000000 -> 17006.547 | H32: =(H12/H22)*1000000 -> 8196.2548 | I32: =(I12/I22)*1000000 -> 41704.886 | J32: =(J12/J22)*1000000 -> 10125.491 | K32: =(K12/K22)*1000000 -> 6916.5343 | ... Q32: =(Q12/Q22)*1000000 -> 9760.7335
B33: FQC 订单拒收率 | C33: 生产订单总数量 | D33: 40 | E33: 44 | F33: 70 | G33: 52 | H33: 63 | I33: 72 | J33: 68 | K33: 49 | L33: 52 | M33: 53 | N33: 44 | O33: 35 | P33: =sum(D33:O33) -> 642 | Q33: 519
C34: 拒收订单总数量 | D34: 1 | E34: 0 | F34: 2 | G34: 3 | H34: 2 | I34: 4 | J34: 4 | K34: 2 | L34: 2 | M34: 0 | N34: 1 | O34: 1 | P34: =sum(D34:O34) -> 22 | Q34: 19
C35: 订单拒收率 | D35: =D34/D33 -> 0.025 | E35: =E34/E33 -> 0 | F35: =F34/F33 -> 0.028571429 | G35: =G34/G33 -> 0.057692308 | H35: =H34/H33 -> 0.031746032 | I35: =I34/I33 -> 0.055555556 | J35: =J34/J33 -> 0.058823529 | K35: =K34/K33 -> 0.040816327 | ... Q35: =Q34/Q33 -> 0.036608863

Sheet 2023KPI跟踪表格（PQC)
C1: 2023 PQC 拒收率
C2: 月份 | D2: 1月 | E2: 2月 | F2: 3月 | G2: 4月 | H2: 5月 | I2: 6月 | J2: 7月 | K2: 8月 | L2: 9月 | M2: 10月 | N2: 11月 | O2: 12月 | P2: YTD
B3: PQC 拒收数量 | C3: KID CYCLING | D3: 18 | E3: 5 | F3: 0 | G3: 0 | H3: 0 | I3: 0 | J3: 0 | K3: 0 | L3: 0 | M3: 0 | N3: 0 | O3: 3 | P3: =SUM(D3:O3) -> 26
C4: 山地ST | D4: 2 | E4: 14 | F4: 14 | G4: 50 | H4: 30 | I4: 70 | J4: 54 | K4: 20 | L4: 1 | M4: 5 | N4: 2 | O4: 26 | P4: =SUM(D4:O4) -> 288
C5: 山地XC/AM/Race | D5: 0 | E5: 2 | F5: 61 | G5: 3 | H5: 47 | I5: 16 | J5: 16 | K5: 2 | L5: 5 | M5: 2 | N5: 3 | O5: 0 | P5: =SUM(D5:O5) -> 157
C6: 公路RC | D6: 26 | E6: 61 | F6: 11 | G6: 15 | H6: 14 | I6: 101 | J6: 26 | K6: 71 | L6: 12 | M6: 129 | N6: 3 | O6: 5 | P6: =SUM(D6:O6) -> 474
A7: 10 | C7: 公路GRVL | D7: 3 | E7: 3 | F7: 0 | G7: 2 | H7: 16 | I7: 13 | J7: 10 | K7: 6 | L7: 7 | M7: 10 | N7: 0 | O7: 3 | P7: =SUM(D7:O7) -> 73
C8: 公路RCR/EDR | D8: 7 | E8: 0 | F8: 6 | G8: 0 | H8: 13 | I8: 8 | J8: 3 | K8: 0 | L8: 27 | M8: 8 | N8: 0 | O8: 8 | P8: =SUM(D8:O8) -> 80
C9: 小线RCR | D9: 0 | E9: 0 | F9: 0 | G9: 0 | H9: 0 | I9: 0 | J9: 0 | K9: 0 | L9: 0 | M9: 0 | N9: 0 | O9: 0 | P9: =SUM(D9:O9) -> 0
C10: Hybrid Bike | D10: 0 | E10: 0 | F10: 7 | G10: 6 | H10: 0 | I10: 12 | J10: 2 | K10: 2 | L10: 0 | M10: 24 | N10: 3 | O10: 0 | P10: =SUM(D10:O10) -> 56
C11: Touring | D11: 0 | E11: 3 | F11: 0 | G11: 0 | H11: 0 | I11: 0 | J11: 0 | K11: 0 | L11: 0 | M11: 0 | N11: 0 | O11: 0 | P11: =SUM(D11:O11) -> 3
C12: Total | D12: =SUM(D3:D11) -> 56 | E12: =SUM(E3:E11) -> 88 | F12: =SUM(F3:F11) -> 99 | G12: =SUM(G3:G11) -> 76 | H12: =SUM(H3:H11) -> 120 | I12: =SUM(I3:I11) -> 220 | J12: =SUM(J3:J11) -> 111 | K12: =SUM(K3:K11) -> 101 | ... O12: =SUM(O3:O11) -> 45 | P12: =SUM(D12:O12) -> 1157 | Q12: 1422
B13: Ship out number | C13: KID CYCLING | D13: 1950 | E13: 1008 | F13: 4 | G13: 0.5 | H13: 0.5 | I13: 0.5 | J13: 0.5 | K13: 0.5 | L13: 0.5 | M13: 0.5 | N13: 0.5 | O13: 16 | P13: =SUM(D13:O13) -> 2982
C14: 山地ST | D14: 3457 | E14: 2440 | F14: 2804 | G14: 3553 | H14: 4791 | I14: 2872 | J14: 4780 | K14: 1891 | L14: 1150 | M14: 795 | N14: 1561 | O14: 932 | P14: =SUM(D14:O14) -> 31026
C15: 山地XC/AM/Race | D15: 0.5 | E15: 0.5 | F15: 718 | G15: 430 | H15: 400 | I15: 495 | J15: 669 | K15: 583 | L15: 225 | M15: 211 | N15: 395 | O15: 14 | P15: =SUM(D15:O15) -> 4141
C16: 公路RC | D16: 662 | E16: 1350 | F16: 1259 | G16: 1304 | H16: 978 | I16: 2253 | J16: 1347 | K16: 1807 | L16: 1120 | M16: 2021 | N16: 213 | O16: 169 | P16: =SUM(D16:O16) -> 14483
C17: 公路GRVL | D17: 352 | E17: 139 | F17: 100 | G17: 400 | H17: 1058 | I17: 1046 | J17: 591 | K17: 598 | L17: 374 | M17: 355 | N17: 173 | O17: 429 | P17: =SUM(D17:O17) -> 5615
C18: 公路RCR/EDR | D18: 455 | E18: 30 | F18: 596 | G18: 403 | H18: 1433 | I18: 476 | J18: 1063 | K18: 346 | L18: 775 | M18: 329 | N18: 214 | O18: 153 | P18: =SUM(D18:O18) -> 6273
C19: 小线RCR | D19: 0 | E19: 0 | F19: 0 | G19: 0 | H19: 0 | I19: 0 | J19: 0 | K19: 0 | L19: 0 | M19: 0 | N19: 32 | O19: 15 | P19: =SUM(D19:O19) -> 47
C20: Hybrid Bike | D20: 484 | E20: 176 | F20: 744 | G20: 448 | H20: 120 | I20: 676 | J20: 820 | K20: 64 | L20: 342 | M20: 292 | N20: 218 | O20: 13 | P20: =SUM(D20:O20) -> 4397
C21: Touring | D21: 78 | E21: 0.5 | F21: 77 | G21: 106 | H21: 4 | I21: 358 | J21: 13 | K21: 60 | L21: 0.5 | M21: 108 | N21: 40 | O21: 15 | P21: =SUM(D21:O21) -> 860
C22: Total | D22: =sum(D13:D21) -> 7438.5 | E22: =sum(E13:E21) -> 5144 | F22: =sum(F13:F21) -> 6302 | G22: =sum(G13:G21) -> 6644.5 | H22: =sum(H13:H21) -> 8784.5 | I22: =sum(I13:I21) -> 8176.5 | J22: =sum(J13:J21) -> 9283.5 | K22: =sum(K13:K21) -> 5349.5 | ... P22: =sum(P13:P21) -> 69824 | Q22: 89440
B23: PQC PPM | C23: KID CYCLING | D23: =(D3/D13)*1000000 -> 9230.7692 | E23: =(E3/E13)*1000000 -> 4960.3175 | F23: =(F3/F13)*1000000 -> 0 | G23: =(G3/G13)*1000000 -> 0 | H23: =(H3/H13)*1000000 -> 0 | I23: =(I3/I13)*1000000 -> 0 | J23: =(J3/J13)*1000000 -> 0 | K23: =(K3/K13)*1000000 -> 0 | ... P23: =(P3/P13)*1000000 -> 8718.9806
C24: 山地ST | D24: =(D4/D14)*1000000 -> 578.5363 | E24: =(E4/E14)*1000000 -> 5737.7049 | F24: =(F4/F14)*1000000 -> 4992.8673 | G24: =(G4/G14)*1000000 -> 14072.615 | H24: =(H4/H14)*1000000 -> 6261.7408 | I24: =(I4/I14)*1000000 -> 24373.259 | J24: =(J4/J14)*1000000 -> 11297.071 | K24: =(K4/K14)*1000000 -> 10576.415 | ... P24: =(P4/P14)*1000000 -> 9282.5372
C25: 山地XC/AM/Race | D25: =(D5/D15)*1000000 -> 0 | E25: =(E5/E15)*1000000 -> 4000000 | F25: =(F5/F15)*1000000 -> 84958.217 | G25: =(G5/G15)*1000000 -> 6976.7442 | H25: =(H5/H15)*1000000 -> 117500 | I25: =(I5/I15)*1000000 -> 32323.232 | J25: =(J5/J15)*1000000 -> 23916.293 | K25: =(K5/K15)*1000000 -> 3430.5317 | ... P25: =(P5/P15)*1000000 -> 37913.547
C26: 公路RC | D26: =(D6/D16)*1000000 -> 39274.924 | E26: =(E6/E16)*1000000 -> 45185.185 | F26: =(F6/F16)*1000000 -> 8737.0929 | G26: =(G6/G16)*1000000 -> 11503.067 | H26: =(H6/H16)*1000000 -> 14314.928 | I26: =(I6/I16)*1000000 -> 44829.117 | J26: =(J6/J16)*1000000 -> 19302.153 | K26: =(K6/K16)*1000000 -> 39291.644 | ... P26: =(P6/P16)*1000000 -> 32728.026
C27: 公路GRVL | D27: =(D7/D17)*1000000 -> 8522.7273 | E27: =(E7/E17)*1000000 -> 21582.734 | F27: =(F7/F17)*1000000 -> 0 | G27: =(G7/G17)*1000000 -> 5000 | H27: =(H7/H17)*1000000 -> 15122.873 | I27: =(I7/I17)*1000000 -> 12428.298 | J27: =(J7/J17)*1000000 -> 16920.474 | K27: =(K7/K17)*1000000 -> 10033.445 | ... P27: =(P7/P17)*1000000 -> 13000.89
C28: 公路RCR/EDR | D28: =(D8/D18)*1000000 -> 15384.615 | E28: =(E8/E18)*1000000 -> 0 | F28: =(F8/F18)*1000000 -> 10067.114 | G28: =(G8/G18)*1000000 -> 0 | H28: =(H8/H18)*1000000 -> 9071.8772 | I28: =(I8/I18)*1000000 -> 16806.723 | J28: =(J8/J18)*1000000 -> 2822.2013 | K28: =(K8/K18)*1000000 -> 0 | ... P28: =(P8/P18)*1000000 -> 12753.069
C29: 小线RCR | D29: =(D9/D19)*1000000 -> #DIV/0! | E29: =(E9/E19)*1000000 -> #DIV/0! | F29: =(F9/F19)*1000000 -> #DIV/0! | G29: =(G9/G19)*1000000 -> #DIV/0! | H29: =(H9/H19)*1000000 -> #DIV/0! | I29: =(I9/I19)*1000000 -> #DIV/0! | J29: =(J9/J19)*1000000 -> #DIV/0! | K29: =(K9/K19)*1000000 -> #DIV/0! | ... P29: =(P9/P19)*1000000 -> 0
C30: Hybrid Bike | D30: =(D10/D20)*1000000 -> 0 | E30: =(E10/E20)*1000000 -> 0 | F30: =(F10/F20)*1000000 -> 9408.6022 | G30: =(G10/G20)*1000000 -> 13392.857 | H30: =(H10/H20)*1000000 -> 0 | I30: =(I10/I20)*1000000 -> 17751.479 | J30: =(J10/J20)*1000000 -> 2439.0244 | K30: =(K10/K20)*1000000 -> 31250 | ... P30: =(P10/P20)*1000000 -> 12735.956
C31: Touring | D31: =(D11/D21)*1000000 -> 0 | E31: =(E11/E21)*1000000 -> 6000000 | F31: =(F11/F21)*1000000 -> 0 | G31: =(G11/G21)*1000000 -> 0 | H31: =(H11/H21)*1000000 -> 0 | I31: =(I11/I21)*1000000 -> 0 | J31: =(J11/J21)*1000000 -> 0 | K31: =(K11/K21)*1000000 -> 0 | ... P31: =(P11/P21)*1000000 -> 3488.3721
C32: Total | D32: =(D12/D22)*1000000 -> 7528.3995 | E32: =(E12/E22)*1000000 -> 17107.309 | F32: =(F12/F22)*1000000 -> 15709.299 | G32: =(G12/G22)*1000000 -> 11438.031 | H32: =(H12/H22)*1000000 -> 13660.425 | I32: =(I12/I22)*1000000 -> 26906.378 | J32: =(J12/J22)*1000000 -> 11956.697 | K32: =(K12/K22)*1000000 -> 18880.269 | ... P32: =(P12/P22)*1000000 -> 16570.234 | Q32: =Q12*1000000/Q22 -> 15898.927
B33: PQC 订单拒收率 | C33: 生产订单总数量 | D33: 39 | E33: 44 | F33: 70 | G33: 52 | H33: 67 | I33: 72 | J33: 68 | K33: 48 | L33: 52 | M33: 52 | N33: 44 | O33: 35 | P33: =sum(D33:O33) -> 643
C34: 拒收订单总数量 | D34: 1 | E34: 1 | F34: 3 | G34: 1 | H34: 4 | I34: 3 | J34: 2 | K34: 1 | L34: 1 | M34: 2 | N34: 3 | O34: 1 | P34: =sum(D34:O34) -> 23
C35: 订单拒收率 | D35: =D34/D33 -> 0.025641026 | E35: =E34/E33 -> 0.022727273 | F35: =F34/F33 -> 0.042857143 | G35: =G34/G33 -> 0.019230769 | H35: =H34/H33 -> 0.059701493 | I35: =I34/I33 -> 0.041666667 | J35: =J34/J33 -> 0.029411765 | K35: =K34/K33 -> 0.020833333 | ... P35: =P34/P33 -> 0.035769829

Sheet 审核发现点数据分析（2022）
C2: CP Monitor计划 | J2: CP Monitor计划 | Q2: 1.完善CP-Eric
C3: 月份 | D3: 1月 | E3: 2月 | F3: 3月 | G3: 4月 | H3: 5月 | I3: 6月 | J3: 7月 | K3: 8月 | L3: 9月 | M3: 10月 | N3: 11月 | O3: 12月 | Q3: 2. CP 工位检查-CP小组
C4: 审核车型家族 | D4: 童车 | E4: 童车 | F4: 童车 | G4: 童车 | H4: 公路 | I4: 公路 | J4: 山地车 | K4: 公路 | L4: 山地 | M4: 山地 | N4: 公路 | O4: 山地 | Q4: 3. CP下沉到生产 | S4: 1. 问卷形式。进行不同工位的不同员工对控制点的理解情况 2. CP小组成员 周期加入新参与的人，进行CP监督培训的练习 3.
C5: 审核主导人 | J5: 维维 | K5: 孙环鑫 | L5: 罗斌 | M5: 张有利 | N5: 张炳龙 | O5: 孙环鑫 | Q5: 4. CP技能的validate | S5: 1.完善标准 2.
C6: 实际审核车型 | J6: XC 50/ ST 120 | K6: RC 120 | L6: ST530 | M6: ST 520 | N6: RC 120 | O6: ST 530 | Q6: 5.KPI | S6: 1.CP完成率（参与人数，次数。。） 2. CP问题点的关闭率 3. 技能达成率（新增几人到leavl3/2） | W6: 奖励
C7: 控制计划Monitor 结果汇总
C8: 月份 | D8: W2 | E8: W3 | F8: W4 | G8: W5 | H8: W6 | I8: W7 | J8: W8 | K8: A1 | L8: A2 | M8: A3 | N8: A4 | O8: A5 | P8: A6 | Q8: A7 | R8: A8 | S8: A9 | T8: A10 | U8: A11 | V8: A12 | W8: A13 | X8: A14 | Y8: A15 | Z8: 线管切割 | AA8: NOK | AB8: 总工位数 | AC8: 月份 | AD8: 不符合率
C9: 1月 | D9: NOK | E9: NOK | F9: NOK | G9: NOK | H9: NOK | I9: OK | J9: OK | K9: OK | L9: NOK | M9: OK | N9: OK | O9: OK | P9: NOK | Q9: OK | R9: OK | S9: OK | T9: OK | U9: OK | V9: OK | W9: OK | X9: OK | Y9: OK | Z9: NA | AA9: 7 | AB9: 22 | AC9: 1月 | AD9: 0.5
C10: 2月 | D10: NOK | E10: OK | F10: OK | G10: OK | H10: OK | I10: OK | J10: OK | K10: OK | L10: NOK | M10: OK | N10: OK | O10: OK | P10: OK | Q10: OK | R10: OK | S10: NA | T10: NA | U10: NA | V10: NA | W10: NA | X10: NA | Y10: NA | Z10: NA | AA10: 2 | AB10: 20 | AC10: 2月 | AD10: =AA10/AB10*100% -> 0.1
C11: 3月 | D11: NOK | E11: NOK | F11: OK | G11: OK | H11: OK | I11: OK | J11: NOK | K11: OK | L11: OK | M11: OK | N11: OK | O11: OK | P11: OK | Q11: OK | R11: OK | S11: NA | T11: NA | U11: NA | V11: NA | W11: NA | X11: NA | Y11: NA | Z11: NA | AA11: 3 | AB11: 20 | AC11: 3月 | AD11: =AA11/AB11*100% -> 0.15
C12: 4月 | D12: OK | E12: OK | F12: OK | G12: OK | H12: OK | I12: OK | J12: NOK | K12: OK | L12: OK | M12: NOK | N12: NOK | O12: NOK | P12: OK | Q12: OK | R12: OK | S12: OK | T12: OK | U12: OK | V12: OK | W12: NA | X12: NA | Y12: NA | Z12: NA | AA12: 4 | AB12: 19 | AC12: 4月 | AD12: =AA12/AB12*100% -> 0.21052632
C13: 5月 | D13: OK | E13: OK | F13: OK | G13: OK | H13: OK | I13: NOK | J13: OK | K13: OK | L13: OK | M13: OK | N13: OK | O13: OK | P13: OK | Q13: OK | R13: OK | S13: OK | T13: OK | U13: OK | V13: NOK | W13: NA | X13: NA | Y13: NOK | Z13: NA | AA13: 3 | AB13: 20 | AC13: 5月 | AD13: =AA13/AB13*100% -> 0.15
C14: 6月 | D14: OK | E14: OK | F14: OK | G14: OK | H14: OK | I14: OK | J14: OK | K14: NOK | L14: NOK | M14: OK | N14: OK | O14: OK | P14: OK | Q14: OK | R14: OK | S14: OK | T14: OK | U14: OK | V14: OK | W14: NA | X14: NA | Y14: NA | Z14: NA | AA14: 2 | AB14: 19 | AC14: 6月 | AD14: =AA14/AB14*100% -> 0.10526316
C15: 7月 | D15: OK | E15: OK | F15: OK | G15: OK | H15: OK | I15: OK | J15: OK | K15: OK | L15: OK | M15: OK | N15: NOK | O15: OK | P15: OK | Q15: OK | R15: OK | S15: OK | T15: OK | U15: OK | V15: NOK | W15: NA | X15: NA | Y15: OK | Z15: NA | AA15: 2 | AB15: 19 | AC15: 7月 | AD15: =AA15/AB15*100% -> 0.10526316
C16: 8月 | D16: OK | E16: OK | F16: OK | G16: OK | H16: OK | I16: OK | J16: NOK | K16: OK | L16: OK | M16: OK | N16: OK | O16: OK | P16: OK | Q16: NOK | R16: OK | S16: NOK | T16: OK | U16: OK | V16: OK | W16: OK | X16: OK | Y16: OK | Z16: OK | AA16: 3 | AB16: 19 | AC16: 8月 | AD16: =AA16/AB16*100% -> 0.15789474
C17: 9月 | D17: NOK | E17: OK | F17: NOK | G17: OK | H17: OK | I17: OK | J17: NOK | K17: OK | L17: NOK | M17: OK | N17: OK | O17: OK | P17: OK | Q17: NOK | R17: OK | S17: OK | T17: OK | U17: OK | V17: OK | W17: NA | X17: NA | Y17: OK | Z17: OK | AA17: 5 | AB17: 19 | AC17: 9月 | AD17: =AA17/AB17*100% -> 0.26315789
C18: 10月 | D18: OK | E18: OK | F18: OK | G18: OK | H18: OK | I18: NOK | J18: OK | K18: OK | L18: OK | M18: OK | N18: NOK | O18: OK | P18: OK | Q18: NOK | R18: OK | S18: OK | T18: OK | U18: NOK | V18: OK | W18: OK | X18: NOK | Y18: NA | Z18: OK | AA18: 5 | AB18: 23 | AC18: 10月 | AD18: =AA18/AB18*100% -> 0.2173913
C19: 11月 | D19: OK | E19: NA | F19: NA | G19: NA | H19: NOK | I19: OK | J19: NA | K19: OK | L19: OK | M19: OK | N19: OK | O19: OK | P19: OK | Q19: NOK | R19: NOK | S19: OK | T19: NOK | U19: NOK | V19: OK | W19: OK | X19: OK | Y19: OK | Z19: OK | AA19: 5 | AB19: 19 | AC19: 11月 | AD19: =AA19/AB19*100% -> 0.26315789
C20: 12月 | D20: NA | E20: NA | F20: NA | G20: NA | H20: NA | I20: NA | J20: NA | K20: OK | L20: NOK | M20: OK | N20: OK | O20: OK | P20: OK | Q20: OK | R20: OK | S20: OK | T20: OK | U20: OK | V20: NOK | W20: NA | X20: NA | Y20: NA | Z20: NA | AA20: 2 | AB20: 12 | AC20: 12月 | AD20: =AA20/AB20*100% -> 0.16666667
C21: YTD | Z21: YTD | AA21: =sum(AA9:AA20) -> 43 | AB21: =sum(AB9:AB20) -> 231 | AC21: YTD | AD21: =AA21/AB21*100% -> 0.18614719
D22: 1月 | E22: 2月 | F22: 3月 | G22: 4月 | H22: 5月 | I22: 6月 | J22: 7月 | K22: 8月 | L22: 9月 | M22: 10月 | N22: 11月 | O22: 12月 | Q22: 2022年产线工位不符合率
C23: 量具 | D23: 1 | E23: 1 | F23: 0 | G23: 1 | H23: 0 | I23: 0 | J23: 1 | K23: 0 | L23: 0 | M23: 0 | N23: 0 | Q23: 控制要求 | R23: 四月份 | S23: 五月份 | T23: 六月份 | U23: 七月份 | V23: 八月份 | W23: 九月份 | X23: 十月份 | Y23: 十一月份 | Z23: 十二月份 | AA23: 总数
D24: 1月 | E24: 2月 | F24: 3月 | G24: 4月 | H24: 5月 | I24: 6月 | J24: 7月 | K24: 8月 | L24: 9月 | M24: 10月 | N24: 11月 | O24: 12月 | Q24: 工位--NOK | R24: 6 | S24: 3 | T24: 4 | U24: 3 | V24: 4 | W24: 5 | X24: 3 | Y24: 2 | Z24: 4 | AA24: 34
C25: SOP | D25: 5 | E25: 2 | F25: 2 | G25: 1 | H25: 1 | I25: 0 | J25: 3 | K25: 1 | L25: 3 | M25: 0 | N25: 2 | O25: 1 | Q25: Monitor的工位总数--All | R25: 18 | S25: 15 | T25: 10 | U25: 12 | V25: 18 | W25: 21 | X25: 17 | Y25: 16 | Z25: 18 | AA25: 145
D26: 1月 | E26: 2月 | F26: 3月 | G26: 4月 | H26: 5月 | I26: 6月 | J26: 7月 | K26: 8月 | L26: 9月 | M26: 10月 | N26: 11月 | O26: 12月 | Q26: 控制要求 | R26: 第一次 | S26: 第二次 | T26: 第三次 | U26: 第四次 | V26: 第五次 | W26: 第六次 | X26: 第七次 | Y26: 第八次 | Z26: 第九次 | AA26: 第十次 | AB26: 第十一次 | AC26: 第十二次
C27: 技能 | D27: 6 | E27: 2 | F27: 1 | G27: 2 | H27: 2 | I27: 2 | J27: 2 | K27: 2 | L27: 1 | M27: 3 | N27: 2 | O27: 3 | Q27: NCR | R27: =R24/(R25+R24)*100% -> 0.25 | S27: =S24/S25 -> 0.2 | T27: =T24/T25 -> 0.4 | U27: =U24/U25 -> 0.25 | V27: =V24/V25 -> 0.22222222 | W27: =W24/W25 -> 0.23809524 | X27: =X24/X25 -> 0.17647059 | Y27: =Y24/Y25 -> 0.125 | Z27: =Z24/Z25 -> 0.22222222 | ... AC27: =AC24/AC25 -> #DIV/0!
D28: 1月 | E28: 2月 | F28: 3月 | G28: 4月 | H28: 5月 | I28: 6月 | J28: 7月 | K28: 8月 | L28: 9月 | M28: 10月 | N28: 11月 | O28: 12月
C29: 产品 | D29: 1 | E29: 2 | F29: 0 | G29: 2 | H29: 1 | I29: 2 | J29: 0 | K29: 0 | L29: 0 | M29: 0 | O29: 0
D85: 月份
D86: 1月
D87: 2月
D88: 3月
D89: 4月
D90: 5月
D91: 6月
D92: 7月
D93: 8月
D94: 9月
D95: 10月
D96: 11月
D97: 12月

Sheet 审核记录
A2: CONTROL PLAN MONITOR RECORD
A4: 日期 | B4: 车型 | C4: 岗位 | D4: 问题分类 | E4: 严重等级 | F4: 问题记录 | G4: 标准要求 | H4: 照片/记录等 | I4: 工位审核结果 | J4: 改善措施 | K4: 责任人 | L4: 截止日期 | M4: 改善效果
A5: 轮圈线
A6: 2021-1月 | B6: ST500 20" | C6: W2 | D6: SOP | E6: MAJOR | F6: 后轮辐条SOP没有长度公差 | G6: 辐条公差标准为±0.5mm | I6: NOK | J6: 修改SOP，并培训 | K6: 盛佳利 | L6: 44313 | M6: OK
C7: W2 | D7: SOP | E7: MAJOR | F7: 辐条测量SOP有两个标准，一个是直尺测量， 一个是辐条测量仪测量， | G7: 任何一个SOP都只允许有一个明确的、可执行的标准 | I7: NOK | J7: 修改SOP，并培训 | K7: 盛佳利 | L7: 44377 | M7: OK
C8: W2 | D8: 量具 | E8: MAJOR | F8: W2岗位使用的辐条测量尺最小分辨率为1mm，无法分辨±0.5mm的公差 | G8: 辐条测量尺的精度（最小刻度值）至少要0.5mm以下 | I8: NOK | J8: 使用精度为0.5mm的钢直尺 | K8: 钮荣 | L8: 44347 | M8: OK
C9: W2 | D9: 技能 | E9: MAJOR | F9: W2岗位SOP要求使用辐条测量尺，实际使用的是直尺 | G9: 辐条测量尺使用精度为0.5mm的钢直尺 | I9: NOK | J9: 使用精度为0.5mm的钢直尺 | K9: 钮荣 | L9: 44347 | M9: OK
C10: W2 | D10: 产品 | E10: MAJOR | F10: 辐条线边物料L130501（L130501）应该是277MM辐条，实际存在237（两袋，整包未拆封）和277两种长度规格辐条 | G10: 不允许不同料号和长度的辐条放置在同一料盒中 | I10: NOK | K10: 王晓军 | L10: 44347 | M10: OK
C11: W2 | D11: 技能 | E11: MAJOR | F11: 穿辐条员工不清楚辐条公差(询问5个人，4个人回答错误） | G11: 辐条公差标准为±0.5mm | I11: NOK | J11: 培训 | K11: 刘维维 | L11: 44313 | M11: OK
C12: W3 | D12: 技能 | E12: MAJOR | F12: 二号编织机的员工（1人）不知道如何寻找SOP（有、但不会找） | G12: 每个员工都需要非常清楚各自岗位车型对应的SOP位置 | I12: NOK | J12: 培训 | K12: 刘维维 | L12: 44313 | M12: OK
C13: W3 | D13: SOP | E13: MAJOR | F13: 编织机调机SOP出现两个调整标准 | G13: 任何一个SOP都只允许有一个明确的、可执行的标准 | I13: NOK | J13: 修改SOP，并培训 | K13: 牛松松 | L13: 44377 | M13: OK
C14: W3 | D14: 点检 | E14: MAJOR | F14: 点检表（编织机、锁紧机等）标准不明确 | G14: 任何一个SOP都只允许有一个明确的、可执行的标准 | I14: NOK | J14: 修改SOP，并培训 | K14: 牛松松 | L14: 44377 | M14: OK
C15: W4 | D15: SOP | E15: MAJOR | F15: 前轮锁紧SOP 中第二条规定与实际ST500 20" 的轮圈锁紧操作不符（不适用） | G15: ST500 20"前轮放入锁紧机中是有方向的，凸面朝上 | I15: NOK | J15: 修改SOP，并培训 | K15: 盛佳利 | L15: 44377 | M15: OK
C16: W5 | I16: NOK
C17: W6 | D17: SOP | E17: MAJOR | F17: 校正机参数SOP与实际操作不符（SOP文字叙述部分是错误的--使用四头锁紧机时，和不使用四头锁紧机时的描述有明显的错误） | G17: 不使用四头锁紧机时，调整到不具程序；使用四头锁紧机时，调整具程序 | I17: NOK | J17: 修改SOP，并培训 | K17: 郑文涛 | L17: 44347 | M17: OK
C18: W7 | I18: OK
C19: W8 | I19: OK
A20: 组装线
A21: 2021-1月 | B21: ST500 24" | C21: A1 | I21: OK
C22: A2 | D22: 技能 | E22: MAJOR | F22: 牙盘安装工位员工没有按照SOP操作（SOP要求牙盘安装后需要晃动曲柄，检查是否有紧点，实际没有这步骤操作） | G22: 牙盘组装后要左右上下晃动曲柄，检查是否有紧点，松动等 | I22: NOK | J22: 培训 | K22: 刘维维 | L22: 44377 | M22: OK
C23: A3 | I23: OK
C24: A4 | I24: OK
C25: A5 | I25: OK
C26: A6 | D26: 技能 | E26: MAJOR | F26: 三合一工位员工没有按照SOP操作（SOP要求前叉安装后需要前叉，检查是否有紧点，实际没有操作这个步骤 | G26: 车把安装完成后需要左右晃动一圈，检查是否存在紧点，松动等问题 | I26: NOK | J26: 培训 | K26: 刘维维 | L26: 44377 | M26: OK
C27: A6 | D27: 技能 | E27: MAJOR | F27: 三合一工位压太阳花员工不知道如何调节治具，以保证太阳花压入深度符合要求；压太阳花员工不知道如何测量太阳花深度 | I27: OK | J27: 培训 | K27: 刘维维 | L27: 44377 | M27: OK
C28: A7 | I28: OK
C29: A8 | I29: OK
C30: A9 | I30: OK
C31: A10 | I31: OK
C32: A11 | I32: OK
C33: A12 | I33: OK
C34: A13 | I34: OK
C35: A14 | I35: OK
C36: A15 | I36: OK
A37: ST900 20&24" 控制计划审核不符合项
A38: 日期 | B38: 车型 | C38: 岗位 | D38: 问题分类 | E38: 严重等级 | F38: 问题记录 | G38: 标准要求 | H38: 照片/记录等 | J38: 改善措施 | K38: 责任人 | L38: 截止日期 | M38: 改善效果
A39: 轮圈线
A40: 2021-2 | B40: ST900 20" | C40: W1
C41: W2 | D41: 技能 | E41: MAJOR | F41: 辐条公差长度员工回答错误（询问四个人，三个人回答错误）（标准为±0.5） | G41: 辐条公差标准为±0.5mm | I41: NOK | J41: 培训 | K41: 刘维维 | L41: 44377 | M41: OK
C42: W2 | D42: SOP | E42: MAJOR | F42: 线边物料SOP要求前后轮均使用使用料号为2429216，长度为273mm的辐条，实际线边没有此料号物料， | G42: Bom中要求使用的是料号为4050083，长度为273mm的辐条；线边是有此料号的物料。 | I42: NOK | J42: 修改SOP，并培训 | K42: 盛佳利 | L42: 44377 | M42: OK
C43: W2 | D43: 产品 | E43: MAJOR | F43: 产线在生产上一款ST500 20"的轮圈时，自动大碟刹机上有一个该款车的前轮，没有任何标识。 | G43: 产线所有不能直接用于生产的半成品、成品、零部件均需要明确的标识，并隔离 | I43: NOK | J43: 重新标识 | K43: 牛松松 | L43: 44377 | M43: OK
C44: W3 | I44: OK
C45: W4 | I45: OK
C46: W5 | I46: OK
C47: W6 | I47: OK
C48: W7 | I48: OK
C49: W8 | I49: OK
C50: 线管切割 | D50: SOP | E50: MAJOR | F50: 线管工位没有任何操作SOP | G50: 所有岗位的操作标准只有SOP，所有人都需要遵守SOP要求 | I50: NOK | J50: 制作SOP，并培训 | K50: 盛佳利 | L50: 44377 | M50: OK
C51: 线管切割 | D51: 技能 | E51: MAJOR | F51: 线管长度公差为0-5mm；线管操作员回答为±5mm | G51: 线管长度公差为0-5mm | I51: NOK | J51: 培训 | K51: 刘维维 | L51: 44377 | M51: OK
C52: 线管切割 | D52: 量具 | E52: MAJOR | F52: 线管切割工位使用的钢直尺没有任何校验信息，员工在现场演示线管长度测量时，使用该直尺 | G52: 所有的量具都需要校准 | I52: NOK | J52: 校准 | K52: 张玉树 | L52: 44377 | M52: OK
C53: A1 | I53: OK
C54: A2 | D54: 产品 | E54: MAJOR | F54: 该工位的工具盒里出现与当前生产车型 （ST900-20")无关的，没有任何标识的 零部件 | G54: 产线不允许出现与当前生产车型无关的任何零部件、半成品、成品 | I54: NOK | J54: 培训 | K54: 刘维维 | L54: 44377 | M54: OK
C55: A3 | I55: OK
C56: A4 | I56: OK
C57: A5 | I57: OK
C58: A6 | I58: OK
C59: A7 | I59: OK
C60: A8 | I60: OK
A61: HYC JR 100 24" 控制计划审核不符合项
